CVE,Scanner,Database,Scan date,Image,Image ID,Repo digests,Base image,OS,Package and installed version,Severity,CVSS,Fixed versions,Fix available,Runtime presence,Runtime purpose,Reachability,Privilege required,Attack preconditions,Compensating controls,Disposition,Evidence,Review date
CVE-2025-69720,Trivy 0.75.0,vuln schema2 updated2026-10-07T00:53:05.111120428Z; Java schema1 updated2026-10-07T01:10:24.784068105Z,2026-10-07,api,sha256:765d15edd0effdbde100a9660cf56b2e9845cf728a2a379e6f0e9b981caba4c1,medsynth-api@sha256:765d15edd0effdbde100a9660cf56b2e9845cf728a2a379e6f0e9b981caba4c1,python:3.11-slim-trixie (original tag),"{""Family"": ""debian"", ""Name"": ""13.7""}",libncursesw6=6.5+20250216-2; libtinfo6=6.5+20250216-2; ncurses-base=6.5+20250216-2; ncurses-bin=6.5+20250216-2,HIGH,"{""julia"": {""V3Score"": 7.8, ""V3Vector"": ""CVSS:3.1/AV:L/AC:L/PR:N/UI:R/S:U/C:H/I:H/A:H""}, ""nvd"": {""V3Score"": 7.8, ""V3Vector"": ""CVSS:3.1/AV:L/AC:L/PR:N/UI:R/S:U/C:H/I:H/A:H""}, ""redhat"": {""V3Score"": 7.8, ""V3Vector"": ""CVSS:3.1/AV:L/AC:L/PR:L/UI:N/S:U/C:H/I:H/A:H""}}",Not reported,False,Scanner detects runtime files; vulnerable function requires individual review,See SECURITY_SCAN_REVIEW.md; individual review incomplete,REVIEW_REQUIRED,REVIEW_REQUIRED,REVIEW_REQUIRED,See deployment scope/controls in SECURITY_SCAN_REVIEW.md; not a disposition,BLOCKING,baseline-api-scan.json; baseline-api-image.json; docs/SECURITY_SCAN_REVIEW.md,2026-10-14 (review required; not risk acceptance)
CVE-2026-16742,Trivy 0.75.0,vuln schema2 updated2026-10-07T00:53:05.111120428Z; Java schema1 updated2026-10-07T01:10:24.784068105Z,2026-10-07,api,sha256:765d15edd0effdbde100a9660cf56b2e9845cf728a2a379e6f0e9b981caba4c1,medsynth-api@sha256:765d15edd0effdbde100a9660cf56b2e9845cf728a2a379e6f0e9b981caba4c1,python:3.11-slim-trixie (original tag),"{""Family"": ""debian"", ""Name"": ""13.7""}",libsystemd0=257.13-1~deb13u1; libudev1=257.13-1~deb13u1,HIGH,"{""redhat"": {""V3Score"": 8.8, ""V3Vector"": ""CVSS:3.1/AV:L/AC:L/PR:L/UI:N/S:C/C:H/I:H/A:H""}}",Not reported,False,Scanner detects runtime files; vulnerable function requires individual review,See SECURITY_SCAN_REVIEW.md; individual review incomplete,REVIEW_REQUIRED,REVIEW_REQUIRED,REVIEW_REQUIRED,See deployment scope/controls in SECURITY_SCAN_REVIEW.md; not a disposition,BLOCKING,baseline-api-scan.json; baseline-api-image.json; docs/SECURITY_SCAN_REVIEW.md,2026-10-14 (review required; not risk acceptance)
CVE-2026-54369,Trivy 0.75.0,vuln schema2 updated2026-10-07T00:53:05.111120428Z; Java schema1 updated2026-10-07T01:10:24.784068105Z,2026-10-07,api,sha256:765d15edd0effdbde100a9660cf56b2e9845cf728a2a379e6f0e9b981caba4c1,medsynth-api@sha256:765d15edd0effdbde100a9660cf56b2e9845cf728a2a379e6f0e9b981caba4c1,python:3.11-slim-trixie (original tag),"{""Family"": ""debian"", ""Name"": ""13.7""}",libacl1=2.3.2-2+b1,HIGH,"{""redhat"": {""V3Score"": 7.1, ""V3Vector"": ""CVSS:3.1/AV:L/AC:L/PR:L/UI:N/S:U/C:H/I:H/A:N""}}",Not reported,False,Scanner detects runtime files; vulnerable function requires individual review,See SECURITY_SCAN_REVIEW.md; individual review incomplete,REVIEW_REQUIRED,REVIEW_REQUIRED,REVIEW_REQUIRED,See deployment scope/controls in SECURITY_SCAN_REVIEW.md; not a disposition,BLOCKING,baseline-api-scan.json; baseline-api-image.json; docs/SECURITY_SCAN_REVIEW.md,2026-10-14 (review required; not risk acceptance)
CVE-2026-76642,Trivy 0.75.0,vuln schema2 updated2026-10-07T00:53:05.111120428Z; Java schema1 updated2026-10-07T01:10:24.784068105Z,2026-10-07,api,sha256:765d15edd0effdbde100a9660cf56b2e9845cf728a2a379e6f0e9b981caba4c1,medsynth-api@sha256:765d15edd0effdbde100a9660cf56b2e9845cf728a2a379e6f0e9b981caba4c1,python:3.11-slim-trixie (original tag),"{""Family"": ""debian"", ""Name"": ""13.7""}",bsdutils=1:2.41.5-0+deb13u1; libblkid1=2.41.5-0+deb13u1; liblastlog2-2=2.41.5-0+deb13u1; libmount1=2.41.5-0+deb13u1; libsmartcols1=2.41.5-0+deb13u1; libuuid1=2.41.5-0+deb13u1; login=1:4.16.0-2+really2.41.5-0+deb13u1; mount=2.41.5-0+deb13u1; util-linux=2.41.5-0+deb13u1,HIGH,"{""redhat"": {""V3Score"": 7.8, ""V3Vector"": ""CVSS:3.1/AV:L/AC:L/PR:L/UI:N/S:U/C:H/I:H/A:H""}}",Not reported,False,Scanner detects runtime files; vulnerable function requires individual review,See SECURITY_SCAN_REVIEW.md; individual review incomplete,REVIEW_REQUIRED,REVIEW_REQUIRED,REVIEW_REQUIRED,See deployment scope/controls in SECURITY_SCAN_REVIEW.md; not a disposition,BLOCKING,baseline-api-scan.json; baseline-api-image.json; docs/SECURITY_SCAN_REVIEW.md,2026-10-14 (review required; not risk acceptance)
CVE-2026-78408,Trivy 0.75.0,vuln schema2 updated2026-10-07T00:53:05.111120428Z; Java schema1 updated2026-10-07T01:10:24.784068105Z,2026-10-07,api,sha256:765d15edd0effdbde100a9660cf56b2e9845cf728a2a379e6f0e9b981caba4c1,medsynth-api@sha256:765d15edd0effdbde100a9660cf56b2e9845cf728a2a379e6f0e9b981caba4c1,python:3.11-slim-trixie (original tag),"{""Family"": ""debian"", ""Name"": ""13.7""}",bsdutils=1:2.41.5-0+deb13u1; libblkid1=2.41.5-0+deb13u1; liblastlog2-2=2.41.5-0+deb13u1; libmount1=2.41.5-0+deb13u1; libsmartcols1=2.41.5-0+deb13u1; libuuid1=2.41.5-0+deb13u1; login=1:4.16.0-2+really2.41.5-0+deb13u1; mount=2.41.5-0+deb13u1; util-linux=2.41.5-0+deb13u1,HIGH,"{""redhat"": {""V3Score"": 7.9, ""V3Vector"": ""CVSS:3.1/AV:L/AC:L/PR:L/UI:R/S:C/C:N/I:H/A:H""}}",Not reported,False,Scanner detects runtime files; vulnerable function requires individual review,See SECURITY_SCAN_REVIEW.md; individual review incomplete,REVIEW_REQUIRED,REVIEW_REQUIRED,REVIEW_REQUIRED,See deployment scope/controls in SECURITY_SCAN_REVIEW.md; not a disposition,BLOCKING,baseline-api-scan.json; baseline-api-image.json; docs/SECURITY_SCAN_REVIEW.md,2026-10-14 (review required; not risk acceptance)
CVE-2026-78409,Trivy 0.75.0,vuln schema2 updated2026-10-07T00:53:05.111120428Z; Java schema1 updated2026-10-07T01:10:24.784068105Z,2026-10-07,api,sha256:765d15edd0effdbde100a9660cf56b2e9845cf728a2a379e6f0e9b981caba4c1,medsynth-api@sha256:765d15edd0effdbde100a9660cf56b2e9845cf728a2a379e6f0e9b981caba4c1,python:3.11-slim-trixie (original tag),"{""Family"": ""debian"", ""Name"": ""13.7""}",bsdutils=1:2.41.5-0+deb13u1; libblkid1=2.41.5-0+deb13u1; liblastlog2-2=2.41.5-0+deb13u1; libmount1=2.41.5-0+deb13u1; libsmartcols1=2.41.5-0+deb13u1; libuuid1=2.41.5-0+deb13u1; login=1:4.16.0-2+really2.41.5-0+deb13u1; mount=2.41.5-0+deb13u1; util-linux=2.41.5-0+deb13u1,HIGH,"{""redhat"": {""V3Score"": 7, ""V3Vector"": ""CVSS:3.1/AV:L/AC:H/PR:L/UI:N/S:U/C:H/I:H/A:H""}}",Not reported,False,Scanner detects runtime files; vulnerable function requires individual review,See SECURITY_SCAN_REVIEW.md; individual review incomplete,REVIEW_REQUIRED,REVIEW_REQUIRED,REVIEW_REQUIRED,See deployment scope/controls in SECURITY_SCAN_REVIEW.md; not a disposition,BLOCKING,baseline-api-scan.json; baseline-api-image.json; docs/SECURITY_SCAN_REVIEW.md,2026-10-14 (review required; not risk acceptance)
CVE-2026-78410,Trivy 0.75.0,vuln schema2 updated2026-10-07T00:53:05.111120428Z; Java schema1 updated2026-10-07T01:10:24.784068105Z,2026-10-07,api,sha256:765d15edd0effdbde100a9660cf56b2e9845cf728a2a379e6f0e9b981caba4c1,medsynth-api@sha256:765d15edd0effdbde100a9660cf56b2e9845cf728a2a379e6f0e9b981caba4c1,python:3.11-slim-trixie (original tag),"{""Family"": ""debian"", ""Name"": ""13.7""}",bsdutils=1:2.41.5-0+deb13u1; libblkid1=2.41.5-0+deb13u1; liblastlog2-2=2.41.5-0+deb13u1; libmount1=2.41.5-0+deb13u1; libsmartcols1=2.41.5-0+deb13u1; libuuid1=2.41.5-0+deb13u1; login=1:4.16.0-2+really2.41.5-0+deb13u1; mount=2.41.5-0+deb13u1; util-linux=2.41.5-0+deb13u1,HIGH,"{""redhat"": {""V3Score"": 7.8, ""V3Vector"": ""CVSS:3.1/AV:L/AC:L/PR:L/UI:N/S:U/C:H/I:H/A:H""}}",Not reported,False,Scanner detects runtime files; vulnerable function requires individual review,See SECURITY_SCAN_REVIEW.md; individual review incomplete,REVIEW_REQUIRED,REVIEW_REQUIRED,REVIEW_REQUIRED,See deployment scope/controls in SECURITY_SCAN_REVIEW.md; not a disposition,BLOCKING,baseline-api-scan.json; baseline-api-image.json; docs/SECURITY_SCAN_REVIEW.md,2026-10-14 (review required; not risk acceptance)
CVE-2026-9538,Trivy 0.75.0,vuln schema2 updated2026-10-07T00:53:05.111120428Z; Java schema1 updated2026-10-07T01:10:24.784068105Z,2026-10-07,api,sha256:765d15edd0effdbde100a9660cf56b2e9845cf728a2a379e6f0e9b981caba4c1,medsynth-api@sha256:765d15edd0effdbde100a9660cf56b2e9845cf728a2a379e6f0e9b981caba4c1,python:3.11-slim-trixie (original tag),"{""Family"": ""debian"", ""Name"": ""13.7""}",perl-base=5.40.1-6+deb13u1,HIGH,"{""nvd"": {""V3Score"": 7.5, ""V3Vector"": ""CVSS:3.1/AV:N/AC:L/PR:N/UI:N/S:U/C:N/I:N/A:H""}, ""redhat"": {""V3Score"": 7.5, ""V3Vector"": ""CVSS:3.1/AV:N/AC:L/PR:N/UI:N/S:U/C:N/I:N/A:H""}}",Not reported,False,Scanner detects runtime files; vulnerable function requires individual review,See SECURITY_SCAN_REVIEW.md; individual review incomplete,REVIEW_REQUIRED,REVIEW_REQUIRED,REVIEW_REQUIRED,See deployment scope/controls in SECURITY_SCAN_REVIEW.md; not a disposition,BLOCKING,baseline-api-scan.json; baseline-api-image.json; docs/SECURITY_SCAN_REVIEW.md,2026-10-14 (review required; not risk acceptance)
CVE-2025-69720,Trivy 0.75.0,vuln schema2 updated2026-10-07T00:53:05.111120428Z; Java schema1 updated2026-10-07T01:10:24.784068105Z,2026-10-07,worker,sha256:d0b946daa3eb39dae15849c510b2c287d4cbaef48677689f8c5d7e3135936307,medsynth-worker@sha256:d0b946daa3eb39dae15849c510b2c287d4cbaef48677689f8c5d7e3135936307,python:3.11-slim-trixie (original tag),"{""Family"": ""debian"", ""Name"": ""13.7""}",libncursesw6=6.5+20250216-2; libtinfo6=6.5+20250216-2; ncurses-base=6.5+20250216-2; ncurses-bin=6.5+20250216-2,HIGH,"{""julia"": {""V3Score"": 7.8, ""V3Vector"": ""CVSS:3.1/AV:L/AC:L/PR:N/UI:R/S:U/C:H/I:H/A:H""}, ""nvd"": {""V3Score"": 7.8, ""V3Vector"": ""CVSS:3.1/AV:L/AC:L/PR:N/UI:R/S:U/C:H/I:H/A:H""}, ""redhat"": {""V3Score"": 7.8, ""V3Vector"": ""CVSS:3.1/AV:L/AC:L/PR:L/UI:N/S:U/C:H/I:H/A:H""}}",Not reported,False,Scanner detects runtime files; vulnerable function requires individual review,See SECURITY_SCAN_REVIEW.md; individual review incomplete,REVIEW_REQUIRED,REVIEW_REQUIRED,REVIEW_REQUIRED,See deployment scope/controls in SECURITY_SCAN_REVIEW.md; not a disposition,BLOCKING,baseline-worker-scan.json; baseline-worker-image.json; docs/SECURITY_SCAN_REVIEW.md,2026-10-14 (review required; not risk acceptance)
CVE-2026-16742,Trivy 0.75.0,vuln schema2 updated2026-10-07T00:53:05.111120428Z; Java schema1 updated2026-10-07T01:10:24.784068105Z,2026-10-07,worker,sha256:d0b946daa3eb39dae15849c510b2c287d4cbaef48677689f8c5d7e3135936307,medsynth-worker@sha256:d0b946daa3eb39dae15849c510b2c287d4cbaef48677689f8c5d7e3135936307,python:3.11-slim-trixie (original tag),"{""Family"": ""debian"", ""Name"": ""13.7""}",libsystemd0=257.13-1~deb13u1; libudev1=257.13-1~deb13u1,HIGH,"{""redhat"": {""V3Score"": 8.8, ""V3Vector"": ""CVSS:3.1/AV:L/AC:L/PR:L/UI:N/S:C/C:H/I:H/A:H""}}",Not reported,False,Scanner detects runtime files; vulnerable function requires individual review,See SECURITY_SCAN_REVIEW.md; individual review incomplete,REVIEW_REQUIRED,REVIEW_REQUIRED,REVIEW_REQUIRED,See deployment scope/controls in SECURITY_SCAN_REVIEW.md; not a disposition,BLOCKING,baseline-worker-scan.json; baseline-worker-image.json; docs/SECURITY_SCAN_REVIEW.md,2026-10-14 (review required; not risk acceptance)
CVE-2026-54369,Trivy 0.75.0,vuln schema2 updated2026-10-07T00:53:05.111120428Z; Java schema1 updated2026-10-07T01:10:24.784068105Z,2026-10-07,worker,sha256:d0b946daa3eb39dae15849c510b2c287d4cbaef48677689f8c5d7e3135936307,medsynth-worker@sha256:d0b946daa3eb39dae15849c510b2c287d4cbaef48677689f8c5d7e3135936307,python:3.11-slim-trixie (original tag),"{""Family"": ""debian"", ""Name"": ""13.7""}",libacl1=2.3.2-2+b1,HIGH,"{""redhat"": {""V3Score"": 7.1, ""V3Vector"": ""CVSS:3.1/AV:L/AC:L/PR:L/UI:N/S:U/C:H/I:H/A:N""}}",Not reported,False,Scanner detects runtime files; vulnerable function requires individual review,See SECURITY_SCAN_REVIEW.md; individual review incomplete,REVIEW_REQUIRED,REVIEW_REQUIRED,REVIEW_REQUIRED,See deployment scope/controls in SECURITY_SCAN_REVIEW.md; not a disposition,BLOCKING,baseline-worker-scan.json; baseline-worker-image.json; docs/SECURITY_SCAN_REVIEW.md,2026-10-14 (review required; not risk acceptance)
CVE-2026-76642,Trivy 0.75.0,vuln schema2 updated2026-10-07T00:53:05.111120428Z; Java schema1 updated2026-10-07T01:10:24.784068105Z,2026-10-07,worker,sha256:d0b946daa3eb39dae15849c510b2c287d4cbaef48677689f8c5d7e3135936307,medsynth-worker@sha256:d0b946daa3eb39dae15849c510b2c287d4cbaef48677689f8c5d7e3135936307,python:3.11-slim-trixie (original tag),"{""Family"": ""debian"", ""Name"": ""13.7""}",bsdutils=1:2.41.5-0+deb13u1; libblkid1=2.41.5-0+deb13u1; liblastlog2-2=2.41.5-0+deb13u1; libmount1=2.41.5-0+deb13u1; libsmartcols1=2.41.5-0+deb13u1; libuuid1=2.41.5-0+deb13u1; login=1:4.16.0-2+really2.41.5-0+deb13u1; mount=2.41.5-0+deb13u1; util-linux=2.41.5-0+deb13u1,HIGH,"{""redhat"": {""V3Score"": 7.8, ""V3Vector"": ""CVSS:3.1/AV:L/AC:L/PR:L/UI:N/S:U/C:H/I:H/A:H""}}",Not reported,False,Scanner detects runtime files; vulnerable function requires individual review,See SECURITY_SCAN_REVIEW.md; individual review incomplete,REVIEW_REQUIRED,REVIEW_REQUIRED,REVIEW_REQUIRED,See deployment scope/controls in SECURITY_SCAN_REVIEW.md; not a disposition,BLOCKING,baseline-worker-scan.json; baseline-worker-image.json; docs/SECURITY_SCAN_REVIEW.md,2026-10-14 (review required; not risk acceptance)
CVE-2026-78408,Trivy 0.75.0,vuln schema2 updated2026-10-07T00:53:05.111120428Z; Java schema1 updated2026-10-07T01:10:24.784068105Z,2026-10-07,worker,sha256:d0b946daa3eb39dae15849c510b2c287d4cbaef48677689f8c5d7e3135936307,medsynth-worker@sha256:d0b946daa3eb39dae15849c510b2c287d4cbaef48677689f8c5d7e3135936307,python:3.11-slim-trixie (original tag),"{""Family"": ""debian"", ""Name"": ""13.7""}",bsdutils=1:2.41.5-0+deb13u1; libblkid1=2.41.5-0+deb13u1; liblastlog2-2=2.41.5-0+deb13u1; libmount1=2.41.5-0+deb13u1; libsmartcols1=2.41.5-0+deb13u1; libuuid1=2.41.5-0+deb13u1; login=1:4.16.0-2+really2.41.5-0+deb13u1; mount=2.41.5-0+deb13u1; util-linux=2.41.5-0+deb13u1,HIGH,"{""redhat"": {""V3Score"": 7.9, ""V3Vector"": ""CVSS:3.1/AV:L/AC:L/PR:L/UI:R/S:C/C:N/I:H/A:H""}}",Not reported,False,Scanner detects runtime files; vulnerable function requires individual review,See SECURITY_SCAN_REVIEW.md; individual review incomplete,REVIEW_REQUIRED,REVIEW_REQUIRED,REVIEW_REQUIRED,See deployment scope/controls in SECURITY_SCAN_REVIEW.md; not a disposition,BLOCKING,baseline-worker-scan.json; baseline-worker-image.json; docs/SECURITY_SCAN_REVIEW.md,2026-10-14 (review required; not risk acceptance)
CVE-2026-78409,Trivy 0.75.0,vuln schema2 updated2026-10-07T00:53:05.111120428Z; Java schema1 updated2026-10-07T01:10:24.784068105Z,2026-10-07,worker,sha256:d0b946daa3eb39dae15849c510b2c287d4cbaef48677689f8c5d7e3135936307,medsynth-worker@sha256:d0b946daa3eb39dae15849c510b2c287d4cbaef48677689f8c5d7e3135936307,python:3.11-slim-trixie (original tag),"{""Family"": ""debian"", ""Name"": ""13.7""}",bsdutils=1:2.41.5-0+deb13u1; libblkid1=2.41.5-0+deb13u1; liblastlog2-2=2.41.5-0+deb13u1; libmount1=2.41.5-0+deb13u1; libsmartcols1=2.41.5-0+deb13u1; libuuid1=2.41.5-0+deb13u1; login=1:4.16.0-2+really2.41.5-0+deb13u1; mount=2.41.5-0+deb13u1; util-linux=2.41.5-0+deb13u1,HIGH,"{""redhat"": {""V3Score"": 7, ""V3Vector"": ""CVSS:3.1/AV:L/AC:H/PR:L/UI:N/S:U/C:H/I:H/A:H""}}",Not reported,False,Scanner detects runtime files; vulnerable function requires individual review,See SECURITY_SCAN_REVIEW.md; individual review incomplete,REVIEW_REQUIRED,REVIEW_REQUIRED,REVIEW_REQUIRED,See deployment scope/controls in SECURITY_SCAN_REVIEW.md; not a disposition,BLOCKING,baseline-worker-scan.json; baseline-worker-image.json; docs/SECURITY_SCAN_REVIEW.md,2026-10-14 (review required; not risk acceptance)
CVE-2026-78410,Trivy 0.75.0,vuln schema2 updated2026-10-07T00:53:05.111120428Z; Java schema1 updated2026-10-07T01:10:24.784068105Z,2026-10-07,worker,sha256:d0b946daa3eb39dae15849c510b2c287d4cbaef48677689f8c5d7e3135936307,medsynth-worker@sha256:d0b946daa3eb39dae15849c510b2c287d4cbaef48677689f8c5d7e3135936307,python:3.11-slim-trixie (original tag),"{""Family"": ""debian"", ""Name"": ""13.7""}",bsdutils=1:2.41.5-0+deb13u1; libblkid1=2.41.5-0+deb13u1; liblastlog2-2=2.41.5-0+deb13u1; libmount1=2.41.5-0+deb13u1; libsmartcols1=2.41.5-0+deb13u1; libuuid1=2.41.5-0+deb13u1; login=1:4.16.0-2+really2.41.5-0+deb13u1; mount=2.41.5-0+deb13u1; util-linux=2.41.5-0+deb13u1,HIGH,"{""redhat"": {""V3Score"": 7.8, ""V3Vector"": ""CVSS:3.1/AV:L/AC:L/PR:L/UI:N/S:U/C:H/I:H/A:H""}}",Not reported,False,Scanner detects runtime files; vulnerable function requires individual review,See SECURITY_SCAN_REVIEW.md; individual review incomplete,REVIEW_REQUIRED,REVIEW_REQUIRED,REVIEW_REQUIRED,See deployment scope/controls in SECURITY_SCAN_REVIEW.md; not a disposition,BLOCKING,baseline-worker-scan.json; baseline-worker-image.json; docs/SECURITY_SCAN_REVIEW.md,2026-10-14 (review required; not risk acceptance)
CVE-2026-9538,Trivy 0.75.0,vuln schema2 updated2026-10-07T00:53:05.111120428Z; Java schema1 updated2026-10-07T01:10:24.784068105Z,2026-10-07,worker,sha256:d0b946daa3eb39dae15849c510b2c287d4cbaef48677689f8c5d7e3135936307,medsynth-worker@sha256:d0b946daa3eb39dae15849c510b2c287d4cbaef48677689f8c5d7e3135936307,python:3.11-slim-trixie (original tag),"{""Family"": ""debian"", ""Name"": ""13.7""}",perl-base=5.40.1-6+deb13u1,HIGH,"{""nvd"": {""V3Score"": 7.5, ""V3Vector"": ""CVSS:3.1/AV:N/AC:L/PR:N/UI:N/S:U/C:N/I:N/A:H""}, ""redhat"": {""V3Score"": 7.5, ""V3Vector"": ""CVSS:3.1/AV:N/AC:L/PR:N/UI:N/S:U/C:N/I:N/A:H""}}",Not reported,False,Scanner detects runtime files; vulnerable function requires individual review,See SECURITY_SCAN_REVIEW.md; individual review incomplete,REVIEW_REQUIRED,REVIEW_REQUIRED,REVIEW_REQUIRED,See deployment scope/controls in SECURITY_SCAN_REVIEW.md; not a disposition,BLOCKING,baseline-worker-scan.json; baseline-worker-image.json; docs/SECURITY_SCAN_REVIEW.md,2026-10-14 (review required; not risk acceptance)
CVE-2023-2953,Trivy 0.75.0,vuln schema2 updated2026-10-07T00:53:05.111120428Z; Java schema1 updated2026-10-07T01:10:24.784068105Z,2026-10-07,postgres,sha256:efedf3595f1d6f415c08568ba171029bf54052e754cc9f030e3f2412b21f3d67,postgres@sha256:efedf3595f1d6f415c08568ba171029bf54052e754cc9f030e3f2412b21f3d67,postgres:16-bookworm,"{""Family"": ""debian"", ""Name"": ""12.15""}",libldap-2.5-0=2.5.13+dfsg-5,HIGH,"{""bitnami"": {""V3Score"": 7.5, ""V3Vector"": ""CVSS:3.1/AV:N/AC:L/PR:N/UI:N/S:U/C:N/I:N/A:H""}, ""nvd"": {""V3Score"": 7.5, ""V3Vector"": ""CVSS:3.1/AV:N/AC:L/PR:N/UI:N/S:U/C:N/I:N/A:H""}, ""redhat"": {""V3Score"": 7.1, ""V3Vector"": ""CVSS:3.1/AV:N/AC:L/PR:N/UI:R/S:U/C:N/I:L/A:H""}}",Not reported,False,Scanner detects runtime files; vulnerable function requires individual review,See SECURITY_SCAN_REVIEW.md; individual review incomplete,REVIEW_REQUIRED,REVIEW_REQUIRED,REVIEW_REQUIRED,See deployment scope/controls in SECURITY_SCAN_REVIEW.md; not a disposition,BLOCKING,baseline-postgres-scan.json; baseline-postgres-image.json; docs/SECURITY_SCAN_REVIEW.md,2026-10-14 (review required; not risk acceptance)
CVE-2023-45853,Trivy 0.75.0,vuln schema2 updated2026-10-07T00:53:05.111120428Z; Java schema1 updated2026-10-07T01:10:24.784068105Z,2026-10-07,postgres,sha256:efedf3595f1d6f415c08568ba171029bf54052e754cc9f030e3f2412b21f3d67,postgres@sha256:efedf3595f1d6f415c08568ba171029bf54052e754cc9f030e3f2412b21f3d67,postgres:16-bookworm,"{""Family"": ""debian"", ""Name"": ""12.15""}",zlib1g=1:1.2.13.dfsg-1,CRITICAL,"{""ghsa"": {""V3Score"": 9.8, ""V3Vector"": ""CVSS:3.1/AV:N/AC:L/PR:N/UI:N/S:U/C:H/I:H/A:H""}, ""julia"": {""V3Score"": 9.8, ""V3Vector"": ""CVSS:3.1/AV:N/AC:L/PR:N/UI:N/S:U/C:H/I:H/A:H""}, ""nvd"": {""V3Score"": 9.8, ""V3Vector"": ""CVSS:3.1/AV:N/AC:L/PR:N/UI:N/S:U/C:H/I:H/A:H""}, ""redhat"": {""V3Score"": 5.3, ""V3Vector"": ""CVSS:3.1/AV:L/AC:L/PR:N/UI:R/S:U/C:L/I:L/A:L""}}",Not reported,False,Scanner detects runtime files; vulnerable function requires individual review,See SECURITY_SCAN_REVIEW.md; individual review incomplete,REVIEW_REQUIRED,REVIEW_REQUIRED,REVIEW_REQUIRED,See deployment scope/controls in SECURITY_SCAN_REVIEW.md; not a disposition,BLOCKING,baseline-postgres-scan.json; baseline-postgres-image.json; docs/SECURITY_SCAN_REVIEW.md,2026-10-14 (review required; not risk acceptance)
CVE-2025-61726,Trivy 0.75.0,vuln schema2 updated2026-10-07T00:53:05.111120428Z; Java schema1 updated2026-10-07T01:10:24.784068105Z,2026-10-07,postgres,sha256:efedf3595f1d6f415c08568ba171029bf54052e754cc9f030e3f2412b21f3d67,postgres@sha256:efedf3595f1d6f415c08568ba171029bf54052e754cc9f030e3f2412b21f3d67,postgres:16-bookworm,"{""Family"": ""debian"", ""Name"": ""12.15""}",stdlib=v1.24.6,HIGH,"{""bitnami"": {""V3Score"": 7.5, ""V3Vector"": ""CVSS:3.1/AV:N/AC:L/PR:N/UI:N/S:U/C:N/I:N/A:H""}, ""redhat"": {""V3Score"": 7.5, ""V3Vector"": ""CVSS:3.1/AV:N/AC:L/PR:N/UI:N/S:U/C:N/I:N/A:H""}}","1.24.12, 1.25.6",True,Scanner detects runtime files; vulnerable function requires individual review,See SECURITY_SCAN_REVIEW.md; individual review incomplete,REVIEW_REQUIRED,REVIEW_REQUIRED,REVIEW_REQUIRED,See deployment scope/controls in SECURITY_SCAN_REVIEW.md; not a disposition,BLOCKING,baseline-postgres-scan.json; baseline-postgres-image.json; docs/SECURITY_SCAN_REVIEW.md,2026-10-14 (review required; not risk acceptance)
CVE-2025-61729,Trivy 0.75.0,vuln schema2 updated2026-10-07T00:53:05.111120428Z; Java schema1 updated2026-10-07T01:10:24.784068105Z,2026-10-07,postgres,sha256:efedf3595f1d6f415c08568ba171029bf54052e754cc9f030e3f2412b21f3d67,postgres@sha256:efedf3595f1d6f415c08568ba171029bf54052e754cc9f030e3f2412b21f3d67,postgres:16-bookworm,"{""Family"": ""debian"", ""Name"": ""12.15""}",stdlib=v1.24.6,HIGH,"{""bitnami"": {""V3Score"": 7.5, ""V3Vector"": ""CVSS:3.1/AV:N/AC:L/PR:N/UI:N/S:U/C:N/I:N/A:H""}, ""redhat"": {""V3Score"": 7.5, ""V3Vector"": ""CVSS:3.1/AV:N/AC:L/PR:N/UI:N/S:U/C:N/I:N/A:H""}}","1.24.11, 1.25.5",True,Scanner detects runtime files; vulnerable function requires individual review,See SECURITY_SCAN_REVIEW.md; individual review incomplete,REVIEW_REQUIRED,REVIEW_REQUIRED,REVIEW_REQUIRED,See deployment scope/controls in SECURITY_SCAN_REVIEW.md; not a disposition,BLOCKING,baseline-postgres-scan.json; baseline-postgres-image.json; docs/SECURITY_SCAN_REVIEW.md,2026-10-14 (review required; not risk acceptance)
CVE-2025-68121,Trivy 0.75.0,vuln schema2 updated2026-10-07T00:53:05.111120428Z; Java schema1 updated2026-10-07T01:10:24.784068105Z,2026-10-07,postgres,sha256:efedf3595f1d6f415c08568ba171029bf54052e754cc9f030e3f2412b21f3d67,postgres@sha256:efedf3595f1d6f415c08568ba171029bf54052e754cc9f030e3f2412b21f3d67,postgres:16-bookworm,"{""Family"": ""debian"", ""Name"": ""12.15""}",stdlib=v1.24.6,CRITICAL,"{""bitnami"": {""V3Score"": 9.1, ""V3Vector"": ""CVSS:3.1/AV:N/AC:L/PR:N/UI:N/S:U/C:H/I:H/A:N""}, ""nvd"": {""V3Score"": 10, ""V3Vector"": ""CVSS:3.1/AV:N/AC:L/PR:N/UI:N/S:C/C:H/I:H/A:H""}, ""redhat"": {""V3Score"": 7.4, ""V3Vector"": ""CVSS:3.1/AV:N/AC:H/PR:N/UI:N/S:U/C:H/I:H/A:N""}}","1.24.13, 1.25.7, 1.26.0-rc.3",True,Scanner detects runtime files; vulnerable function requires individual review,See SECURITY_SCAN_REVIEW.md; individual review incomplete,REVIEW_REQUIRED,REVIEW_REQUIRED,REVIEW_REQUIRED,See deployment scope/controls in SECURITY_SCAN_REVIEW.md; not a disposition,BLOCKING,baseline-postgres-scan.json; baseline-postgres-image.json; docs/SECURITY_SCAN_REVIEW.md,2026-10-14 (review required; not risk acceptance)
CVE-2025-69720,Trivy 0.75.0,vuln schema2 updated2026-10-07T00:53:05.111120428Z; Java schema1 updated2026-10-07T01:10:24.784068105Z,2026-10-07,postgres,sha256:efedf3595f1d6f415c08568ba171029bf54052e754cc9f030e3f2412b21f3d67,postgres@sha256:efedf3595f1d6f415c08568ba171029bf54052e754cc9f030e3f2412b21f3d67,postgres:16-bookworm,"{""Family"": ""debian"", ""Name"": ""12.15""}",libncursesw6=6.4-4; libtinfo6=6.4-4; ncurses-base=6.4-4; ncurses-bin=6.4-4,HIGH,"{""julia"": {""V3Score"": 7.8, ""V3Vector"": ""CVSS:3.1/AV:L/AC:L/PR:N/UI:R/S:U/C:H/I:H/A:H""}, ""nvd"": {""V3Score"": 7.8, ""V3Vector"": ""CVSS:3.1/AV:L/AC:L/PR:N/UI:R/S:U/C:H/I:H/A:H""}, ""redhat"": {""V3Score"": 7.8, ""V3Vector"": ""CVSS:3.1/AV:L/AC:L/PR:L/UI:N/S:U/C:H/I:H/A:H""}}",Not reported,False,Scanner detects runtime files; vulnerable function requires individual review,See SECURITY_SCAN_REVIEW.md; individual review incomplete,REVIEW_REQUIRED,REVIEW_REQUIRED,REVIEW_REQUIRED,See deployment scope/controls in SECURITY_SCAN_REVIEW.md; not a disposition,BLOCKING,baseline-postgres-scan.json; baseline-postgres-image.json; docs/SECURITY_SCAN_REVIEW.md,2026-10-14 (review required; not risk acceptance)
CVE-2025-7458,Trivy 0.75.0,vuln schema2 updated2026-10-07T00:53:05.111120428Z; Java schema1 updated2026-10-07T01:10:24.784068105Z,2026-10-07,postgres,sha256:efedf3595f1d6f415c08568ba171029bf54052e754cc9f030e3f2412b21f3d67,postgres@sha256:efedf3595f1d6f415c08568ba171029bf54052e754cc9f030e3f2412b21f3d67,postgres:16-bookworm,"{""Family"": ""debian"", ""Name"": ""12.15""}",libsqlite3-0=3.40.1-2+deb12u2,CRITICAL,"{""bitnami"": {""V3Score"": 9.1, ""V3Vector"": ""CVSS:3.1/AV:N/AC:L/PR:N/UI:N/S:U/C:H/I:N/A:H""}, ""nvd"": {""V3Score"": 9.1, ""V3Vector"": ""CVSS:3.1/AV:N/AC:L/PR:N/UI:N/S:U/C:H/I:N/A:H""}, ""redhat"": {""V3Score"": 6.1, ""V3Vector"": ""CVSS:3.1/AV:L/AC:L/PR:L/UI:N/S:U/C:H/I:N/A:L""}}",Not reported,False,Scanner detects runtime files; vulnerable function requires individual review,See SECURITY_SCAN_REVIEW.md; individual review incomplete,REVIEW_REQUIRED,REVIEW_REQUIRED,REVIEW_REQUIRED,See deployment scope/controls in SECURITY_SCAN_REVIEW.md; not a disposition,BLOCKING,baseline-postgres-scan.json; baseline-postgres-image.json; docs/SECURITY_SCAN_REVIEW.md,2026-10-14 (review required; not risk acceptance)
CVE-2026-103111,Trivy 0.75.0,vuln schema2 updated2026-10-07T00:53:05.111120428Z; Java schema1 updated2026-10-07T01:10:24.784068105Z,2026-10-07,postgres,sha256:efedf3595f1d6f415c08568ba171029bf54052e754cc9f030e3f2412b21f3d67,postgres@sha256:efedf3595f1d6f415c08568ba171029bf54052e754cc9f030e3f2412b21f3d67,postgres:16-bookworm,"{""Family"": ""debian"", ""Name"": ""12.15""}",libpcre2-8-0=10.42-1+deb12u1,HIGH,"{""redhat"": {""V3Score"": 7.6, ""V3Vector"": ""CVSS:3.1/AV:N/AC:L/PR:L/UI:N/S:U/C:L/I:H/A:L""}}",10.42-1+deb12u2,True,Scanner detects runtime files; vulnerable function requires individual review,See SECURITY_SCAN_REVIEW.md; individual review incomplete,REVIEW_REQUIRED,REVIEW_REQUIRED,REVIEW_REQUIRED,See deployment scope/controls in SECURITY_SCAN_REVIEW.md; not a disposition,BLOCKING,baseline-postgres-scan.json; baseline-postgres-image.json; docs/SECURITY_SCAN_REVIEW.md,2026-10-14 (review required; not risk acceptance)
CVE-2026-11822,Trivy 0.75.0,vuln schema2 updated2026-10-07T00:53:05.111120428Z; Java schema1 updated2026-10-07T01:10:24.784068105Z,2026-10-07,postgres,sha256:efedf3595f1d6f415c08568ba171029bf54052e754cc9f030e3f2412b21f3d67,postgres@sha256:efedf3595f1d6f415c08568ba171029bf54052e754cc9f030e3f2412b21f3d67,postgres:16-bookworm,"{""Family"": ""debian"", ""Name"": ""12.15""}",libsqlite3-0=3.40.1-2+deb12u2,HIGH,"{""bitnami"": {""V40Score"": 8.5, ""V40Vector"": ""CVSS:4.0/AV:L/AC:L/AT:N/PR:N/UI:P/VC:H/VI:H/VA:H/SC:N/SI:N/SA:N""}, ""redhat"": {""V3Score"": 7.8, ""V3Vector"": ""CVSS:3.1/AV:L/AC:L/PR:N/UI:R/S:U/C:H/I:H/A:H""}}",Not reported,False,Scanner detects runtime files; vulnerable function requires individual review,See SECURITY_SCAN_REVIEW.md; individual review incomplete,REVIEW_REQUIRED,REVIEW_REQUIRED,REVIEW_REQUIRED,See deployment scope/controls in SECURITY_SCAN_REVIEW.md; not a disposition,BLOCKING,baseline-postgres-scan.json; baseline-postgres-image.json; docs/SECURITY_SCAN_REVIEW.md,2026-10-14 (review required; not risk acceptance)
CVE-2026-11824,Trivy 0.75.0,vuln schema2 updated2026-10-07T00:53:05.111120428Z; Java schema1 updated2026-10-07T01:10:24.784068105Z,2026-10-07,postgres,sha256:efedf3595f1d6f415c08568ba171029bf54052e754cc9f030e3f2412b21f3d67,postgres@sha256:efedf3595f1d6f415c08568ba171029bf54052e754cc9f030e3f2412b21f3d67,postgres:16-bookworm,"{""Family"": ""debian"", ""Name"": ""12.15""}",libsqlite3-0=3.40.1-2+deb12u2,HIGH,"{""bitnami"": {""V40Score"": 8.5, ""V40Vector"": ""CVSS:4.0/AV:L/AC:L/AT:N/PR:N/UI:P/VC:H/VI:H/VA:H/SC:N/SI:N/SA:N""}, ""redhat"": {""V3Score"": 7.8, ""V3Vector"": ""CVSS:3.1/AV:L/AC:L/PR:N/UI:R/S:U/C:H/I:H/A:H""}}",Not reported,False,Scanner detects runtime files; vulnerable function requires individual review,See SECURITY_SCAN_REVIEW.md; individual review incomplete,REVIEW_REQUIRED,REVIEW_REQUIRED,REVIEW_REQUIRED,See deployment scope/controls in SECURITY_SCAN_REVIEW.md; not a disposition,BLOCKING,baseline-postgres-scan.json; baseline-postgres-image.json; docs/SECURITY_SCAN_REVIEW.md,2026-10-14 (review required; not risk acceptance)
CVE-2026-13221,Trivy 0.75.0,vuln schema2 updated2026-10-07T00:53:05.111120428Z; Java schema1 updated2026-10-07T01:10:24.784068105Z,2026-10-07,postgres,sha256:efedf3595f1d6f415c08568ba171029bf54052e754cc9f030e3f2412b21f3d67,postgres@sha256:efedf3595f1d6f415c08568ba171029bf54052e754cc9f030e3f2412b21f3d67,postgres:16-bookworm,"{""Family"": ""debian"", ""Name"": ""12.15""}",libperl5.36=5.36.0-7+deb12u3; perl-base=5.36.0-7+deb12u3; perl-modules-5.36=5.36.0-7+deb12u3; perl=5.36.0-7+deb12u3,CRITICAL,"{""nvd"": {""V3Score"": 9.1, ""V3Vector"": ""CVSS:3.1/AV:N/AC:L/PR:N/UI:N/S:U/C:N/I:H/A:H""}, ""redhat"": {""V3Score"": 5.9, ""V3Vector"": ""CVSS:3.1/AV:N/AC:H/PR:L/UI:N/S:U/C:L/I:H/A:N""}}",5.36.0-7+deb12u4,True,Scanner detects runtime files; vulnerable function requires individual review,See SECURITY_SCAN_REVIEW.md; individual review incomplete,REVIEW_REQUIRED,REVIEW_REQUIRED,REVIEW_REQUIRED,See deployment scope/controls in SECURITY_SCAN_REVIEW.md; not a disposition,BLOCKING,baseline-postgres-scan.json; baseline-postgres-image.json; docs/SECURITY_SCAN_REVIEW.md,2026-10-14 (review required; not risk acceptance)
CVE-2026-16742,Trivy 0.75.0,vuln schema2 updated2026-10-07T00:53:05.111120428Z; Java schema1 updated2026-10-07T01:10:24.784068105Z,2026-10-07,postgres,sha256:efedf3595f1d6f415c08568ba171029bf54052e754cc9f030e3f2412b21f3d67,postgres@sha256:efedf3595f1d6f415c08568ba171029bf54052e754cc9f030e3f2412b21f3d67,postgres:16-bookworm,"{""Family"": ""debian"", ""Name"": ""12.15""}",libsystemd0=252.39-1~deb12u2; libudev1=252.39-1~deb12u2,HIGH,"{""redhat"": {""V3Score"": 8.8, ""V3Vector"": ""CVSS:3.1/AV:L/AC:L/PR:L/UI:N/S:C/C:H/I:H/A:H""}}",Not reported,False,Scanner detects runtime files; vulnerable function requires individual review,See SECURITY_SCAN_REVIEW.md; individual review incomplete,REVIEW_REQUIRED,REVIEW_REQUIRED,REVIEW_REQUIRED,See deployment scope/controls in SECURITY_SCAN_REVIEW.md; not a disposition,BLOCKING,baseline-postgres-scan.json; baseline-postgres-image.json; docs/SECURITY_SCAN_REVIEW.md,2026-10-14 (review required; not risk acceptance)
CVE-2026-25679,Trivy 0.75.0,vuln schema2 updated2026-10-07T00:53:05.111120428Z; Java schema1 updated2026-10-07T01:10:24.784068105Z,2026-10-07,postgres,sha256:efedf3595f1d6f415c08568ba171029bf54052e754cc9f030e3f2412b21f3d67,postgres@sha256:efedf3595f1d6f415c08568ba171029bf54052e754cc9f030e3f2412b21f3d67,postgres:16-bookworm,"{""Family"": ""debian"", ""Name"": ""12.15""}",stdlib=v1.24.6,HIGH,"{""bitnami"": {""V3Score"": 7.5, ""V3Vector"": ""CVSS:3.1/AV:N/AC:L/PR:N/UI:N/S:U/C:N/I:N/A:H""}, ""redhat"": {""V3Score"": 7.5, ""V3Vector"": ""CVSS:3.1/AV:N/AC:L/PR:N/UI:N/S:U/C:N/I:N/A:H""}}","1.25.8, 1.26.1",True,Scanner detects runtime files; vulnerable function requires individual review,See SECURITY_SCAN_REVIEW.md; individual review incomplete,REVIEW_REQUIRED,REVIEW_REQUIRED,REVIEW_REQUIRED,See deployment scope/controls in SECURITY_SCAN_REVIEW.md; not a disposition,BLOCKING,baseline-postgres-scan.json; baseline-postgres-image.json; docs/SECURITY_SCAN_REVIEW.md,2026-10-14 (review required; not risk acceptance)
CVE-2026-27145,Trivy 0.75.0,vuln schema2 updated2026-10-07T00:53:05.111120428Z; Java schema1 updated2026-10-07T01:10:24.784068105Z,2026-10-07,postgres,sha256:efedf3595f1d6f415c08568ba171029bf54052e754cc9f030e3f2412b21f3d67,postgres@sha256:efedf3595f1d6f415c08568ba171029bf54052e754cc9f030e3f2412b21f3d67,postgres:16-bookworm,"{""Family"": ""debian"", ""Name"": ""12.15""}",stdlib=v1.24.6,HIGH,"{""bitnami"": {""V3Score"": 7.5, ""V3Vector"": ""CVSS:3.1/AV:N/AC:L/PR:N/UI:N/S:U/C:N/I:N/A:H""}, ""redhat"": {""V3Score"": 7.5, ""V3Vector"": ""CVSS:3.1/AV:N/AC:L/PR:N/UI:N/S:U/C:N/I:N/A:H""}}","1.25.11, 1.26.4",True,Scanner detects runtime files; vulnerable function requires individual review,See SECURITY_SCAN_REVIEW.md; individual review incomplete,REVIEW_REQUIRED,REVIEW_REQUIRED,REVIEW_REQUIRED,See deployment scope/controls in SECURITY_SCAN_REVIEW.md; not a disposition,BLOCKING,baseline-postgres-scan.json; baseline-postgres-image.json; docs/SECURITY_SCAN_REVIEW.md,2026-10-14 (review required; not risk acceptance)
CVE-2026-32280,Trivy 0.75.0,vuln schema2 updated2026-10-07T00:53:05.111120428Z; Java schema1 updated2026-10-07T01:10:24.784068105Z,2026-10-07,postgres,sha256:efedf3595f1d6f415c08568ba171029bf54052e754cc9f030e3f2412b21f3d67,postgres@sha256:efedf3595f1d6f415c08568ba171029bf54052e754cc9f030e3f2412b21f3d67,postgres:16-bookworm,"{""Family"": ""debian"", ""Name"": ""12.15""}",stdlib=v1.24.6,HIGH,"{""bitnami"": {""V3Score"": 7.5, ""V3Vector"": ""CVSS:3.1/AV:N/AC:L/PR:N/UI:N/S:U/C:N/I:N/A:H""}, ""redhat"": {""V3Score"": 7.5, ""V3Vector"": ""CVSS:3.1/AV:N/AC:L/PR:N/UI:N/S:U/C:N/I:N/A:H""}}","1.25.9, 1.26.2",True,Scanner detects runtime files; vulnerable function requires individual review,See SECURITY_SCAN_REVIEW.md; individual review incomplete,REVIEW_REQUIRED,REVIEW_REQUIRED,REVIEW_REQUIRED,See deployment scope/controls in SECURITY_SCAN_REVIEW.md; not a disposition,BLOCKING,baseline-postgres-scan.json; baseline-postgres-image.json; docs/SECURITY_SCAN_REVIEW.md,2026-10-14 (review required; not risk acceptance)
CVE-2026-32281,Trivy 0.75.0,vuln schema2 updated2026-10-07T00:53:05.111120428Z; Java schema1 updated2026-10-07T01:10:24.784068105Z,2026-10-07,postgres,sha256:efedf3595f1d6f415c08568ba171029bf54052e754cc9f030e3f2412b21f3d67,postgres@sha256:efedf3595f1d6f415c08568ba171029bf54052e754cc9f030e3f2412b21f3d67,postgres:16-bookworm,"{""Family"": ""debian"", ""Name"": ""12.15""}",stdlib=v1.24.6,HIGH,"{""bitnami"": {""V3Score"": 7.5, ""V3Vector"": ""CVSS:3.1/AV:N/AC:L/PR:N/UI:N/S:U/C:N/I:N/A:H""}, ""nvd"": {""V3Score"": 7.5, ""V3Vector"": ""CVSS:3.1/AV:N/AC:L/PR:N/UI:N/S:U/C:N/I:N/A:H""}, ""redhat"": {""V3Score"": 5.9, ""V3Vector"": ""CVSS:3.1/AV:N/AC:H/PR:N/UI:N/S:U/C:N/I:N/A:H""}}","1.25.9, 1.26.2",True,Scanner detects runtime files; vulnerable function requires individual review,See SECURITY_SCAN_REVIEW.md; individual review incomplete,REVIEW_REQUIRED,REVIEW_REQUIRED,REVIEW_REQUIRED,See deployment scope/controls in SECURITY_SCAN_REVIEW.md; not a disposition,BLOCKING,baseline-postgres-scan.json; baseline-postgres-image.json; docs/SECURITY_SCAN_REVIEW.md,2026-10-14 (review required; not risk acceptance)
CVE-2026-32283,Trivy 0.75.0,vuln schema2 updated2026-10-07T00:53:05.111120428Z; Java schema1 updated2026-10-07T01:10:24.784068105Z,2026-10-07,postgres,sha256:efedf3595f1d6f415c08568ba171029bf54052e754cc9f030e3f2412b21f3d67,postgres@sha256:efedf3595f1d6f415c08568ba171029bf54052e754cc9f030e3f2412b21f3d67,postgres:16-bookworm,"{""Family"": ""debian"", ""Name"": ""12.15""}",stdlib=v1.24.6,HIGH,"{""bitnami"": {""V3Score"": 7.5, ""V3Vector"": ""CVSS:3.1/AV:N/AC:L/PR:N/UI:N/S:U/C:N/I:N/A:H""}, ""nvd"": {""V3Score"": 7.5, ""V3Vector"": ""CVSS:3.1/AV:N/AC:L/PR:N/UI:N/S:U/C:N/I:N/A:H""}, ""redhat"": {""V3Score"": 7.5, ""V3Vector"": ""CVSS:3.1/AV:N/AC:L/PR:N/UI:N/S:U/C:N/I:N/A:H""}}","1.25.9, 1.26.2",True,Scanner detects runtime files; vulnerable function requires individual review,See SECURITY_SCAN_REVIEW.md; individual review incomplete,REVIEW_REQUIRED,REVIEW_REQUIRED,REVIEW_REQUIRED,See deployment scope/controls in SECURITY_SCAN_REVIEW.md; not a disposition,BLOCKING,baseline-postgres-scan.json; baseline-postgres-image.json; docs/SECURITY_SCAN_REVIEW.md,2026-10-14 (review required; not risk acceptance)
CVE-2026-33811,Trivy 0.75.0,vuln schema2 updated2026-10-07T00:53:05.111120428Z; Java schema1 updated2026-10-07T01:10:24.784068105Z,2026-10-07,postgres,sha256:efedf3595f1d6f415c08568ba171029bf54052e754cc9f030e3f2412b21f3d67,postgres@sha256:efedf3595f1d6f415c08568ba171029bf54052e754cc9f030e3f2412b21f3d67,postgres:16-bookworm,"{""Family"": ""debian"", ""Name"": ""12.15""}",stdlib=v1.24.6,HIGH,"{""bitnami"": {""V3Score"": 7.5, ""V3Vector"": ""CVSS:3.1/AV:N/AC:L/PR:N/UI:N/S:U/C:N/I:N/A:H""}, ""nvd"": {""V3Score"": 7.5, ""V3Vector"": ""CVSS:3.1/AV:N/AC:L/PR:N/UI:N/S:U/C:N/I:N/A:H""}, ""redhat"": {""V3Score"": 7.5, ""V3Vector"": ""CVSS:3.1/AV:N/AC:L/PR:N/UI:N/S:U/C:N/I:N/A:H""}}","1.25.10, 1.26.3",True,Scanner detects runtime files; vulnerable function requires individual review,See SECURITY_SCAN_REVIEW.md; individual review incomplete,REVIEW_REQUIRED,REVIEW_REQUIRED,REVIEW_REQUIRED,See deployment scope/controls in SECURITY_SCAN_REVIEW.md; not a disposition,BLOCKING,baseline-postgres-scan.json; baseline-postgres-image.json; docs/SECURITY_SCAN_REVIEW.md,2026-10-14 (review required; not risk acceptance)
CVE-2026-33814,Trivy 0.75.0,vuln schema2 updated2026-10-07T00:53:05.111120428Z; Java schema1 updated2026-10-07T01:10:24.784068105Z,2026-10-07,postgres,sha256:efedf3595f1d6f415c08568ba171029bf54052e754cc9f030e3f2412b21f3d67,postgres@sha256:efedf3595f1d6f415c08568ba171029bf54052e754cc9f030e3f2412b21f3d67,postgres:16-bookworm,"{""Family"": ""debian"", ""Name"": ""12.15""}",stdlib=v1.24.6,HIGH,"{""bitnami"": {""V3Score"": 7.5, ""V3Vector"": ""CVSS:3.1/AV:N/AC:L/PR:N/UI:N/S:U/C:N/I:N/A:H""}, ""nvd"": {""V3Score"": 7.5, ""V3Vector"": ""CVSS:3.1/AV:N/AC:L/PR:N/UI:N/S:U/C:N/I:N/A:H""}, ""redhat"": {""V3Score"": 7.5, ""V3Vector"": ""CVSS:3.1/AV:N/AC:L/PR:N/UI:N/S:U/C:N/I:N/A:H""}}","1.25.10, 1.26.3",True,Scanner detects runtime files; vulnerable function requires individual review,See SECURITY_SCAN_REVIEW.md; individual review incomplete,REVIEW_REQUIRED,REVIEW_REQUIRED,REVIEW_REQUIRED,See deployment scope/controls in SECURITY_SCAN_REVIEW.md; not a disposition,BLOCKING,baseline-postgres-scan.json; baseline-postgres-image.json; docs/SECURITY_SCAN_REVIEW.md,2026-10-14 (review required; not risk acceptance)
CVE-2026-33818,Trivy 0.75.0,vuln schema2 updated2026-10-07T00:53:05.111120428Z; Java schema1 updated2026-10-07T01:10:24.784068105Z,2026-10-07,postgres,sha256:efedf3595f1d6f415c08568ba171029bf54052e754cc9f030e3f2412b21f3d67,postgres@sha256:efedf3595f1d6f415c08568ba171029bf54052e754cc9f030e3f2412b21f3d67,postgres:16-bookworm,"{""Family"": ""debian"", ""Name"": ""12.15""}",stdlib=v1.24.6,HIGH,"{""bitnami"": {""V3Score"": 7.5, ""V3Vector"": ""CVSS:3.1/AV:N/AC:L/PR:N/UI:N/S:U/C:N/I:N/A:H""}, ""redhat"": {""V3Score"": 7.5, ""V3Vector"": ""CVSS:3.1/AV:N/AC:L/PR:N/UI:N/S:U/C:N/I:N/A:H""}}","1.25.13, 1.26.6, 1.27.0-rc.3",True,Scanner detects runtime files; vulnerable function requires individual review,See SECURITY_SCAN_REVIEW.md; individual review incomplete,REVIEW_REQUIRED,REVIEW_REQUIRED,REVIEW_REQUIRED,See deployment scope/controls in SECURITY_SCAN_REVIEW.md; not a disposition,BLOCKING,baseline-postgres-scan.json; baseline-postgres-image.json; docs/SECURITY_SCAN_REVIEW.md,2026-10-14 (review required; not risk acceptance)
CVE-2026-39820,Trivy 0.75.0,vuln schema2 updated2026-10-07T00:53:05.111120428Z; Java schema1 updated2026-10-07T01:10:24.784068105Z,2026-10-07,postgres,sha256:efedf3595f1d6f415c08568ba171029bf54052e754cc9f030e3f2412b21f3d67,postgres@sha256:efedf3595f1d6f415c08568ba171029bf54052e754cc9f030e3f2412b21f3d67,postgres:16-bookworm,"{""Family"": ""debian"", ""Name"": ""12.15""}",stdlib=v1.24.6,HIGH,"{""bitnami"": {""V3Score"": 7.5, ""V3Vector"": ""CVSS:3.1/AV:N/AC:L/PR:N/UI:N/S:U/C:N/I:N/A:H""}, ""nvd"": {""V3Score"": 7.5, ""V3Vector"": ""CVSS:3.1/AV:N/AC:L/PR:N/UI:N/S:U/C:N/I:N/A:H""}, ""redhat"": {""V3Score"": 7.5, ""V3Vector"": ""CVSS:3.1/AV:N/AC:L/PR:N/UI:N/S:U/C:N/I:N/A:H""}}","1.25.10, 1.26.3",True,Scanner detects runtime files; vulnerable function requires individual review,See SECURITY_SCAN_REVIEW.md; individual review incomplete,REVIEW_REQUIRED,REVIEW_REQUIRED,REVIEW_REQUIRED,See deployment scope/controls in SECURITY_SCAN_REVIEW.md; not a disposition,BLOCKING,baseline-postgres-scan.json; baseline-postgres-image.json; docs/SECURITY_SCAN_REVIEW.md,2026-10-14 (review required; not risk acceptance)
CVE-2026-39821,Trivy 0.75.0,vuln schema2 updated2026-10-07T00:53:05.111120428Z; Java schema1 updated2026-10-07T01:10:24.784068105Z,2026-10-07,postgres,sha256:efedf3595f1d6f415c08568ba171029bf54052e754cc9f030e3f2412b21f3d67,postgres@sha256:efedf3595f1d6f415c08568ba171029bf54052e754cc9f030e3f2412b21f3d67,postgres:16-bookworm,"{""Family"": ""debian"", ""Name"": ""12.15""}",stdlib=v1.24.6,HIGH,"{""redhat"": {""V3Score"": 8.2, ""V3Vector"": ""CVSS:3.1/AV:N/AC:H/PR:L/UI:N/S:C/C:H/I:H/A:N""}}","1.25.13, 1.26.6, 1.27.0-rc.3",True,Scanner detects runtime files; vulnerable function requires individual review,See SECURITY_SCAN_REVIEW.md; individual review incomplete,REVIEW_REQUIRED,REVIEW_REQUIRED,REVIEW_REQUIRED,See deployment scope/controls in SECURITY_SCAN_REVIEW.md; not a disposition,BLOCKING,baseline-postgres-scan.json; baseline-postgres-image.json; docs/SECURITY_SCAN_REVIEW.md,2026-10-14 (review required; not risk acceptance)
CVE-2026-39822,Trivy 0.75.0,vuln schema2 updated2026-10-07T00:53:05.111120428Z; Java schema1 updated2026-10-07T01:10:24.784068105Z,2026-10-07,postgres,sha256:efedf3595f1d6f415c08568ba171029bf54052e754cc9f030e3f2412b21f3d67,postgres@sha256:efedf3595f1d6f415c08568ba171029bf54052e754cc9f030e3f2412b21f3d67,postgres:16-bookworm,"{""Family"": ""debian"", ""Name"": ""12.15""}",stdlib=v1.24.6,HIGH,"{""bitnami"": {""V3Score"": 7.8, ""V3Vector"": ""CVSS:3.1/AV:L/AC:L/PR:L/UI:N/S:U/C:H/I:H/A:H""}, ""redhat"": {""V3Score"": 7.8, ""V3Vector"": ""CVSS:3.1/AV:L/AC:L/PR:L/UI:N/S:U/C:H/I:H/A:H""}}","1.25.12, 1.26.5, 1.27.0-rc.2",True,Scanner detects runtime files; vulnerable function requires individual review,See SECURITY_SCAN_REVIEW.md; individual review incomplete,REVIEW_REQUIRED,REVIEW_REQUIRED,REVIEW_REQUIRED,See deployment scope/controls in SECURITY_SCAN_REVIEW.md; not a disposition,BLOCKING,baseline-postgres-scan.json; baseline-postgres-image.json; docs/SECURITY_SCAN_REVIEW.md,2026-10-14 (review required; not risk acceptance)
CVE-2026-39836,Trivy 0.75.0,vuln schema2 updated2026-10-07T00:53:05.111120428Z; Java schema1 updated2026-10-07T01:10:24.784068105Z,2026-10-07,postgres,sha256:efedf3595f1d6f415c08568ba171029bf54052e754cc9f030e3f2412b21f3d67,postgres@sha256:efedf3595f1d6f415c08568ba171029bf54052e754cc9f030e3f2412b21f3d67,postgres:16-bookworm,"{""Family"": ""debian"", ""Name"": ""12.15""}",stdlib=v1.24.6,HIGH,"{""bitnami"": {""V3Score"": 7.5, ""V3Vector"": ""CVSS:3.1/AV:N/AC:L/PR:N/UI:N/S:U/C:N/I:N/A:H""}, ""nvd"": {""V3Score"": 7.5, ""V3Vector"": ""CVSS:3.1/AV:N/AC:L/PR:N/UI:N/S:U/C:N/I:N/A:H""}, ""redhat"": {""V3Score"": 7.5, ""V3Vector"": ""CVSS:3.1/AV:N/AC:L/PR:N/UI:N/S:U/C:N/I:N/A:H""}}","1.25.10, 1.26.3",True,Scanner detects runtime files; vulnerable function requires individual review,See SECURITY_SCAN_REVIEW.md; individual review incomplete,REVIEW_REQUIRED,REVIEW_REQUIRED,REVIEW_REQUIRED,See deployment scope/controls in SECURITY_SCAN_REVIEW.md; not a disposition,BLOCKING,baseline-postgres-scan.json; baseline-postgres-image.json; docs/SECURITY_SCAN_REVIEW.md,2026-10-14 (review required; not risk acceptance)
CVE-2026-41992,Trivy 0.75.0,vuln schema2 updated2026-10-07T00:53:05.111120428Z; Java schema1 updated2026-10-07T01:10:24.784068105Z,2026-10-07,postgres,sha256:efedf3595f1d6f415c08568ba171029bf54052e754cc9f030e3f2412b21f3d67,postgres@sha256:efedf3595f1d6f415c08568ba171029bf54052e754cc9f030e3f2412b21f3d67,postgres:16-bookworm,"{""Family"": ""debian"", ""Name"": ""12.15""}",gzip=1.12-1,HIGH,"{""julia"": {""V3Score"": 7.5, ""V3Vector"": ""CVSS:3.1/AV:N/AC:L/PR:N/UI:N/S:U/C:H/I:N/A:N"", ""V40Score"": 6.9, ""V40Vector"": ""CVSS:4.0/AV:L/AC:L/AT:N/PR:N/UI:N/VC:H/VI:N/VA:N/SC:N/SI:N/SA:N""}, ""nvd"": {""V3Score"": 7.5, ""V3Vector"": ""CVSS:3.1/AV:N/AC:L/PR:N/UI:N/S:U/C:H/I:N/A:N""}, ""redhat"": {""V3Score"": 3.6, ""V3Vector"": ""CVSS:3.1/AV:L/AC:H/PR:N/UI:R/S:U/C:L/I:N/A:L""}}",Not reported,False,Scanner detects runtime files; vulnerable function requires individual review,See SECURITY_SCAN_REVIEW.md; individual review incomplete,REVIEW_REQUIRED,REVIEW_REQUIRED,REVIEW_REQUIRED,See deployment scope/controls in SECURITY_SCAN_REVIEW.md; not a disposition,BLOCKING,baseline-postgres-scan.json; baseline-postgres-image.json; docs/SECURITY_SCAN_REVIEW.md,2026-10-14 (review required; not risk acceptance)
CVE-2026-42496,Trivy 0.75.0,vuln schema2 updated2026-10-07T00:53:05.111120428Z; Java schema1 updated2026-10-07T01:10:24.784068105Z,2026-10-07,postgres,sha256:efedf3595f1d6f415c08568ba171029bf54052e754cc9f030e3f2412b21f3d67,postgres@sha256:efedf3595f1d6f415c08568ba171029bf54052e754cc9f030e3f2412b21f3d67,postgres:16-bookworm,"{""Family"": ""debian"", ""Name"": ""12.15""}",libperl5.36=5.36.0-7+deb12u3; perl-base=5.36.0-7+deb12u3; perl-modules-5.36=5.36.0-7+deb12u3; perl=5.36.0-7+deb12u3,CRITICAL,"{""nvd"": {""V3Score"": 9.1, ""V3Vector"": ""CVSS:3.1/AV:N/AC:L/PR:N/UI:N/S:U/C:H/I:H/A:N""}, ""redhat"": {""V3Score"": 8.2, ""V3Vector"": ""CVSS:3.1/AV:L/AC:L/PR:L/UI:R/S:C/C:H/I:H/A:H""}}",5.36.0-7+deb12u4,True,Scanner detects runtime files; vulnerable function requires individual review,See SECURITY_SCAN_REVIEW.md; individual review incomplete,REVIEW_REQUIRED,REVIEW_REQUIRED,REVIEW_REQUIRED,See deployment scope/controls in SECURITY_SCAN_REVIEW.md; not a disposition,BLOCKING,baseline-postgres-scan.json; baseline-postgres-image.json; docs/SECURITY_SCAN_REVIEW.md,2026-10-14 (review required; not risk acceptance)
CVE-2026-42497,Trivy 0.75.0,vuln schema2 updated2026-10-07T00:53:05.111120428Z; Java schema1 updated2026-10-07T01:10:24.784068105Z,2026-10-07,postgres,sha256:efedf3595f1d6f415c08568ba171029bf54052e754cc9f030e3f2412b21f3d67,postgres@sha256:efedf3595f1d6f415c08568ba171029bf54052e754cc9f030e3f2412b21f3d67,postgres:16-bookworm,"{""Family"": ""debian"", ""Name"": ""12.15""}",libperl5.36=5.36.0-7+deb12u3; perl-base=5.36.0-7+deb12u3; perl-modules-5.36=5.36.0-7+deb12u3; perl=5.36.0-7+deb12u3,HIGH,"{""nvd"": {""V3Score"": 7.5, ""V3Vector"": ""CVSS:3.1/AV:N/AC:L/PR:N/UI:N/S:U/C:N/I:H/A:N""}, ""redhat"": {""V3Score"": 6.8, ""V3Vector"": ""CVSS:3.1/AV:L/AC:L/PR:L/UI:R/S:U/C:L/I:H/A:H""}}",5.36.0-7+deb12u4,True,Scanner detects runtime files; vulnerable function requires individual review,See SECURITY_SCAN_REVIEW.md; individual review incomplete,REVIEW_REQUIRED,REVIEW_REQUIRED,REVIEW_REQUIRED,See deployment scope/controls in SECURITY_SCAN_REVIEW.md; not a disposition,BLOCKING,baseline-postgres-scan.json; baseline-postgres-image.json; docs/SECURITY_SCAN_REVIEW.md,2026-10-14 (review required; not risk acceptance)
CVE-2026-42499,Trivy 0.75.0,vuln schema2 updated2026-10-07T00:53:05.111120428Z; Java schema1 updated2026-10-07T01:10:24.784068105Z,2026-10-07,postgres,sha256:efedf3595f1d6f415c08568ba171029bf54052e754cc9f030e3f2412b21f3d67,postgres@sha256:efedf3595f1d6f415c08568ba171029bf54052e754cc9f030e3f2412b21f3d67,postgres:16-bookworm,"{""Family"": ""debian"", ""Name"": ""12.15""}",stdlib=v1.24.6,HIGH,"{""bitnami"": {""V3Score"": 7.5, ""V3Vector"": ""CVSS:3.1/AV:N/AC:L/PR:N/UI:N/S:U/C:N/I:N/A:H""}, ""redhat"": {""V3Score"": 7.5, ""V3Vector"": ""CVSS:3.1/AV:N/AC:L/PR:N/UI:N/S:U/C:N/I:N/A:H""}}","1.25.10, 1.26.3",True,Scanner detects runtime files; vulnerable function requires individual review,See SECURITY_SCAN_REVIEW.md; individual review incomplete,REVIEW_REQUIRED,REVIEW_REQUIRED,REVIEW_REQUIRED,See deployment scope/controls in SECURITY_SCAN_REVIEW.md; not a disposition,BLOCKING,baseline-postgres-scan.json; baseline-postgres-image.json; docs/SECURITY_SCAN_REVIEW.md,2026-10-14 (review required; not risk acceptance)
CVE-2026-42504,Trivy 0.75.0,vuln schema2 updated2026-10-07T00:53:05.111120428Z; Java schema1 updated2026-10-07T01:10:24.784068105Z,2026-10-07,postgres,sha256:efedf3595f1d6f415c08568ba171029bf54052e754cc9f030e3f2412b21f3d67,postgres@sha256:efedf3595f1d6f415c08568ba171029bf54052e754cc9f030e3f2412b21f3d67,postgres:16-bookworm,"{""Family"": ""debian"", ""Name"": ""12.15""}",stdlib=v1.24.6,HIGH,"{""bitnami"": {""V3Score"": 7.5, ""V3Vector"": ""CVSS:3.1/AV:N/AC:L/PR:N/UI:N/S:U/C:N/I:N/A:H""}, ""redhat"": {""V3Score"": 7.5, ""V3Vector"": ""CVSS:3.1/AV:N/AC:L/PR:N/UI:N/S:U/C:N/I:N/A:H""}}","1.25.11, 1.26.4",True,Scanner detects runtime files; vulnerable function requires individual review,See SECURITY_SCAN_REVIEW.md; individual review incomplete,REVIEW_REQUIRED,REVIEW_REQUIRED,REVIEW_REQUIRED,See deployment scope/controls in SECURITY_SCAN_REVIEW.md; not a disposition,BLOCKING,baseline-postgres-scan.json; baseline-postgres-image.json; docs/SECURITY_SCAN_REVIEW.md,2026-10-14 (review required; not risk acceptance)
CVE-2026-48962,Trivy 0.75.0,vuln schema2 updated2026-10-07T00:53:05.111120428Z; Java schema1 updated2026-10-07T01:10:24.784068105Z,2026-10-07,postgres,sha256:efedf3595f1d6f415c08568ba171029bf54052e754cc9f030e3f2412b21f3d67,postgres@sha256:efedf3595f1d6f415c08568ba171029bf54052e754cc9f030e3f2412b21f3d67,postgres:16-bookworm,"{""Family"": ""debian"", ""Name"": ""12.15""}",libperl5.36=5.36.0-7+deb12u3; perl-base=5.36.0-7+deb12u3; perl-modules-5.36=5.36.0-7+deb12u3; perl=5.36.0-7+deb12u3,HIGH,"{""redhat"": {""V3Score"": 7.8, ""V3Vector"": ""CVSS:3.1/AV:L/AC:L/PR:L/UI:N/S:U/C:H/I:H/A:H""}}",5.36.0-7+deb12u4,True,Scanner detects runtime files; vulnerable function requires individual review,See SECURITY_SCAN_REVIEW.md; individual review incomplete,REVIEW_REQUIRED,REVIEW_REQUIRED,REVIEW_REQUIRED,See deployment scope/controls in SECURITY_SCAN_REVIEW.md; not a disposition,BLOCKING,baseline-postgres-scan.json; baseline-postgres-image.json; docs/SECURITY_SCAN_REVIEW.md,2026-10-14 (review required; not risk acceptance)
CVE-2026-53613,Trivy 0.75.0,vuln schema2 updated2026-10-07T00:53:05.111120428Z; Java schema1 updated2026-10-07T01:10:24.784068105Z,2026-10-07,postgres,sha256:efedf3595f1d6f415c08568ba171029bf54052e754cc9f030e3f2412b21f3d67,postgres@sha256:efedf3595f1d6f415c08568ba171029bf54052e754cc9f030e3f2412b21f3d67,postgres:16-bookworm,"{""Family"": ""debian"", ""Name"": ""12.15""}",bsdutils=1:2.38.1-5+deb12u3; libblkid1=2.38.1-5+deb12u3; libmount1=2.38.1-5+deb12u3; libsmartcols1=2.38.1-5+deb12u3; libuuid1=2.38.1-5+deb12u3; mount=2.38.1-5+deb12u3; util-linux-extra=2.38.1-5+deb12u3; util-linux=2.38.1-5+deb12u3,HIGH,"{""redhat"": {""V3Score"": 7, ""V3Vector"": ""CVSS:3.1/AV:L/AC:H/PR:L/UI:N/S:U/C:H/I:H/A:H""}}",Not reported,False,Scanner detects runtime files; vulnerable function requires individual review,See SECURITY_SCAN_REVIEW.md; individual review incomplete,REVIEW_REQUIRED,REVIEW_REQUIRED,REVIEW_REQUIRED,See deployment scope/controls in SECURITY_SCAN_REVIEW.md; not a disposition,BLOCKING,baseline-postgres-scan.json; baseline-postgres-image.json; docs/SECURITY_SCAN_REVIEW.md,2026-10-14 (review required; not risk acceptance)
CVE-2026-54369,Trivy 0.75.0,vuln schema2 updated2026-10-07T00:53:05.111120428Z; Java schema1 updated2026-10-07T01:10:24.784068105Z,2026-10-07,postgres,sha256:efedf3595f1d6f415c08568ba171029bf54052e754cc9f030e3f2412b21f3d67,postgres@sha256:efedf3595f1d6f415c08568ba171029bf54052e754cc9f030e3f2412b21f3d67,postgres:16-bookworm,"{""Family"": ""debian"", ""Name"": ""12.15""}",libacl1=2.3.1-3,HIGH,"{""redhat"": {""V3Score"": 7.1, ""V3Vector"": ""CVSS:3.1/AV:L/AC:L/PR:L/UI:N/S:U/C:H/I:H/A:N""}}",Not reported,False,Scanner detects runtime files; vulnerable function requires individual review,See SECURITY_SCAN_REVIEW.md; individual review incomplete,REVIEW_REQUIRED,REVIEW_REQUIRED,REVIEW_REQUIRED,See deployment scope/controls in SECURITY_SCAN_REVIEW.md; not a disposition,BLOCKING,baseline-postgres-scan.json; baseline-postgres-image.json; docs/SECURITY_SCAN_REVIEW.md,2026-10-14 (review required; not risk acceptance)
CVE-2026-56853,Trivy 0.75.0,vuln schema2 updated2026-10-07T00:53:05.111120428Z; Java schema1 updated2026-10-07T01:10:24.784068105Z,2026-10-07,postgres,sha256:efedf3595f1d6f415c08568ba171029bf54052e754cc9f030e3f2412b21f3d67,postgres@sha256:efedf3595f1d6f415c08568ba171029bf54052e754cc9f030e3f2412b21f3d67,postgres:16-bookworm,"{""Family"": ""debian"", ""Name"": ""12.15""}",stdlib=v1.24.6,HIGH,"{""bitnami"": {""V3Score"": 7.5, ""V3Vector"": ""CVSS:3.1/AV:N/AC:L/PR:N/UI:N/S:U/C:N/I:N/A:H""}, ""redhat"": {""V3Score"": 7.5, ""V3Vector"": ""CVSS:3.1/AV:N/AC:L/PR:N/UI:N/S:U/C:N/I:N/A:H""}}","1.25.13, 1.26.6, 1.27.0-rc.3",True,Scanner detects runtime files; vulnerable function requires individual review,See SECURITY_SCAN_REVIEW.md; individual review incomplete,REVIEW_REQUIRED,REVIEW_REQUIRED,REVIEW_REQUIRED,See deployment scope/controls in SECURITY_SCAN_REVIEW.md; not a disposition,BLOCKING,baseline-postgres-scan.json; baseline-postgres-image.json; docs/SECURITY_SCAN_REVIEW.md,2026-10-14 (review required; not risk acceptance)
CVE-2026-56858,Trivy 0.75.0,vuln schema2 updated2026-10-07T00:53:05.111120428Z; Java schema1 updated2026-10-07T01:10:24.784068105Z,2026-10-07,postgres,sha256:efedf3595f1d6f415c08568ba171029bf54052e754cc9f030e3f2412b21f3d67,postgres@sha256:efedf3595f1d6f415c08568ba171029bf54052e754cc9f030e3f2412b21f3d67,postgres:16-bookworm,"{""Family"": ""debian"", ""Name"": ""12.15""}",stdlib=v1.24.6,HIGH,"{""bitnami"": {""V3Score"": 6.1, ""V3Vector"": ""CVSS:3.1/AV:N/AC:L/PR:N/UI:R/S:C/C:L/I:L/A:N""}, ""redhat"": {""V3Score"": 8.1, ""V3Vector"": ""CVSS:3.1/AV:N/AC:L/PR:N/UI:R/S:U/C:H/I:H/A:N""}}","1.25.13, 1.26.6, 1.27.0-rc.3",True,Scanner detects runtime files; vulnerable function requires individual review,See SECURITY_SCAN_REVIEW.md; individual review incomplete,REVIEW_REQUIRED,REVIEW_REQUIRED,REVIEW_REQUIRED,See deployment scope/controls in SECURITY_SCAN_REVIEW.md; not a disposition,BLOCKING,baseline-postgres-scan.json; baseline-postgres-image.json; docs/SECURITY_SCAN_REVIEW.md,2026-10-14 (review required; not risk acceptance)
CVE-2026-56859,Trivy 0.75.0,vuln schema2 updated2026-10-07T00:53:05.111120428Z; Java schema1 updated2026-10-07T01:10:24.784068105Z,2026-10-07,postgres,sha256:efedf3595f1d6f415c08568ba171029bf54052e754cc9f030e3f2412b21f3d67,postgres@sha256:efedf3595f1d6f415c08568ba171029bf54052e754cc9f030e3f2412b21f3d67,postgres:16-bookworm,"{""Family"": ""debian"", ""Name"": ""12.15""}",stdlib=v1.24.6,HIGH,"{""bitnami"": {""V3Score"": 7.5, ""V3Vector"": ""CVSS:3.1/AV:N/AC:L/PR:N/UI:N/S:U/C:N/I:N/A:H""}, ""redhat"": {""V3Score"": 7.5, ""V3Vector"": ""CVSS:3.1/AV:N/AC:L/PR:N/UI:N/S:U/C:N/I:N/A:H""}}","1.25.13, 1.26.6, 1.27.0-rc.3",True,Scanner detects runtime files; vulnerable function requires individual review,See SECURITY_SCAN_REVIEW.md; individual review incomplete,REVIEW_REQUIRED,REVIEW_REQUIRED,REVIEW_REQUIRED,See deployment scope/controls in SECURITY_SCAN_REVIEW.md; not a disposition,BLOCKING,baseline-postgres-scan.json; baseline-postgres-image.json; docs/SECURITY_SCAN_REVIEW.md,2026-10-14 (review required; not risk acceptance)
CVE-2026-56860,Trivy 0.75.0,vuln schema2 updated2026-10-07T00:53:05.111120428Z; Java schema1 updated2026-10-07T01:10:24.784068105Z,2026-10-07,postgres,sha256:efedf3595f1d6f415c08568ba171029bf54052e754cc9f030e3f2412b21f3d67,postgres@sha256:efedf3595f1d6f415c08568ba171029bf54052e754cc9f030e3f2412b21f3d67,postgres:16-bookworm,"{""Family"": ""debian"", ""Name"": ""12.15""}",stdlib=v1.24.6,HIGH,"{""bitnami"": {""V3Score"": 5.9, ""V3Vector"": ""CVSS:3.1/AV:N/AC:H/PR:N/UI:N/S:U/C:N/I:N/A:H""}, ""redhat"": {""V3Score"": 7.5, ""V3Vector"": ""CVSS:3.1/AV:N/AC:L/PR:N/UI:N/S:U/C:N/I:N/A:H""}}","1.25.13, 1.26.6, 1.27.0-rc.3",True,Scanner detects runtime files; vulnerable function requires individual review,See SECURITY_SCAN_REVIEW.md; individual review incomplete,REVIEW_REQUIRED,REVIEW_REQUIRED,REVIEW_REQUIRED,See deployment scope/controls in SECURITY_SCAN_REVIEW.md; not a disposition,BLOCKING,baseline-postgres-scan.json; baseline-postgres-image.json; docs/SECURITY_SCAN_REVIEW.md,2026-10-14 (review required; not risk acceptance)
CVE-2026-56862,Trivy 0.75.0,vuln schema2 updated2026-10-07T00:53:05.111120428Z; Java schema1 updated2026-10-07T01:10:24.784068105Z,2026-10-07,postgres,sha256:efedf3595f1d6f415c08568ba171029bf54052e754cc9f030e3f2412b21f3d67,postgres@sha256:efedf3595f1d6f415c08568ba171029bf54052e754cc9f030e3f2412b21f3d67,postgres:16-bookworm,"{""Family"": ""debian"", ""Name"": ""12.15""}",stdlib=v1.24.6,HIGH,"{""bitnami"": {""V3Score"": 7.5, ""V3Vector"": ""CVSS:3.1/AV:N/AC:L/PR:N/UI:N/S:U/C:N/I:N/A:H""}, ""redhat"": {""V3Score"": 7.5, ""V3Vector"": ""CVSS:3.1/AV:N/AC:L/PR:N/UI:N/S:U/C:N/I:N/A:H""}}","1.25.13, 1.26.6, 1.27.0-rc.3",True,Scanner detects runtime files; vulnerable function requires individual review,See SECURITY_SCAN_REVIEW.md; individual review incomplete,REVIEW_REQUIRED,REVIEW_REQUIRED,REVIEW_REQUIRED,See deployment scope/controls in SECURITY_SCAN_REVIEW.md; not a disposition,BLOCKING,baseline-postgres-scan.json; baseline-postgres-image.json; docs/SECURITY_SCAN_REVIEW.md,2026-10-14 (review required; not risk acceptance)
CVE-2026-57432,Trivy 0.75.0,vuln schema2 updated2026-10-07T00:53:05.111120428Z; Java schema1 updated2026-10-07T01:10:24.784068105Z,2026-10-07,postgres,sha256:efedf3595f1d6f415c08568ba171029bf54052e754cc9f030e3f2412b21f3d67,postgres@sha256:efedf3595f1d6f415c08568ba171029bf54052e754cc9f030e3f2412b21f3d67,postgres:16-bookworm,"{""Family"": ""debian"", ""Name"": ""12.15""}",libperl5.36=5.36.0-7+deb12u3; perl-base=5.36.0-7+deb12u3; perl-modules-5.36=5.36.0-7+deb12u3; perl=5.36.0-7+deb12u3,HIGH,"{""nvd"": {""V3Score"": 8.4, ""V3Vector"": ""CVSS:3.1/AV:L/AC:L/PR:N/UI:N/S:U/C:H/I:H/A:H""}, ""redhat"": {""V3Score"": 5, ""V3Vector"": ""CVSS:3.1/AV:L/AC:L/PR:L/UI:R/S:U/C:H/I:N/A:N""}}",5.36.0-7+deb12u4,True,Scanner detects runtime files; vulnerable function requires individual review,See SECURITY_SCAN_REVIEW.md; individual review incomplete,REVIEW_REQUIRED,REVIEW_REQUIRED,REVIEW_REQUIRED,See deployment scope/controls in SECURITY_SCAN_REVIEW.md; not a disposition,BLOCKING,baseline-postgres-scan.json; baseline-postgres-image.json; docs/SECURITY_SCAN_REVIEW.md,2026-10-14 (review required; not risk acceptance)
CVE-2026-57433,Trivy 0.75.0,vuln schema2 updated2026-10-07T00:53:05.111120428Z; Java schema1 updated2026-10-07T01:10:24.784068105Z,2026-10-07,postgres,sha256:efedf3595f1d6f415c08568ba171029bf54052e754cc9f030e3f2412b21f3d67,postgres@sha256:efedf3595f1d6f415c08568ba171029bf54052e754cc9f030e3f2412b21f3d67,postgres:16-bookworm,"{""Family"": ""debian"", ""Name"": ""12.15""}",libperl5.36=5.36.0-7+deb12u3; perl-base=5.36.0-7+deb12u3; perl-modules-5.36=5.36.0-7+deb12u3; perl=5.36.0-7+deb12u3,HIGH,"{""redhat"": {""V3Score"": 7.5, ""V3Vector"": ""CVSS:3.1/AV:N/AC:L/PR:N/UI:N/S:U/C:N/I:N/A:H""}}",5.36.0-7+deb12u4,True,Scanner detects runtime files; vulnerable function requires individual review,See SECURITY_SCAN_REVIEW.md; individual review incomplete,REVIEW_REQUIRED,REVIEW_REQUIRED,REVIEW_REQUIRED,See deployment scope/controls in SECURITY_SCAN_REVIEW.md; not a disposition,BLOCKING,baseline-postgres-scan.json; baseline-postgres-image.json; docs/SECURITY_SCAN_REVIEW.md,2026-10-14 (review required; not risk acceptance)
CVE-2026-6653,Trivy 0.75.0,vuln schema2 updated2026-10-07T00:53:05.111120428Z; Java schema1 updated2026-10-07T01:10:24.784068105Z,2026-10-07,postgres,sha256:efedf3595f1d6f415c08568ba171029bf54052e754cc9f030e3f2412b21f3d67,postgres@sha256:efedf3595f1d6f415c08568ba171029bf54052e754cc9f030e3f2412b21f3d67,postgres:16-bookworm,"{""Family"": ""debian"", ""Name"": ""12.15""}",libxml2=2.9.14+dfsg-1.3~deb12u6,CRITICAL,"{""julia"": {""V3Score"": 9.8, ""V3Vector"": ""CVSS:3.1/AV:N/AC:L/PR:N/UI:N/S:U/C:H/I:H/A:H"", ""V40Score"": 7, ""V40Vector"": ""CVSS:4.0/AV:N/AC:H/AT:N/PR:N/UI:N/VC:H/VI:L/VA:L/SC:N/SI:N/SA:N/E:P""}, ""nvd"": {""V3Score"": 9.8, ""V3Vector"": ""CVSS:3.1/AV:N/AC:L/PR:N/UI:N/S:U/C:H/I:H/A:H""}, ""redhat"": {""V3Score"": 5.9, ""V3Vector"": ""CVSS:3.1/AV:N/AC:H/PR:N/UI:N/S:U/C:N/I:N/A:H""}}",Not reported,False,Scanner detects runtime files; vulnerable function requires individual review,See SECURITY_SCAN_REVIEW.md; individual review incomplete,REVIEW_REQUIRED,REVIEW_REQUIRED,REVIEW_REQUIRED,See deployment scope/controls in SECURITY_SCAN_REVIEW.md; not a disposition,BLOCKING,baseline-postgres-scan.json; baseline-postgres-image.json; docs/SECURITY_SCAN_REVIEW.md,2026-10-14 (review required; not risk acceptance)
CVE-2026-74860,Trivy 0.75.0,vuln schema2 updated2026-10-07T00:53:05.111120428Z; Java schema1 updated2026-10-07T01:10:24.784068105Z,2026-10-07,postgres,sha256:efedf3595f1d6f415c08568ba171029bf54052e754cc9f030e3f2412b21f3d67,postgres@sha256:efedf3595f1d6f415c08568ba171029bf54052e754cc9f030e3f2412b21f3d67,postgres:16-bookworm,"{""Family"": ""debian"", ""Name"": ""12.15""}",libxml2=2.9.14+dfsg-1.3~deb12u6,HIGH,"{""redhat"": {""V3Score"": 8.5, ""V3Vector"": ""CVSS:3.1/AV:N/AC:H/PR:L/UI:N/S:C/C:H/I:H/A:H""}}",Not reported,False,Scanner detects runtime files; vulnerable function requires individual review,See SECURITY_SCAN_REVIEW.md; individual review incomplete,REVIEW_REQUIRED,REVIEW_REQUIRED,REVIEW_REQUIRED,See deployment scope/controls in SECURITY_SCAN_REVIEW.md; not a disposition,BLOCKING,baseline-postgres-scan.json; baseline-postgres-image.json; docs/SECURITY_SCAN_REVIEW.md,2026-10-14 (review required; not risk acceptance)
CVE-2026-76642,Trivy 0.75.0,vuln schema2 updated2026-10-07T00:53:05.111120428Z; Java schema1 updated2026-10-07T01:10:24.784068105Z,2026-10-07,postgres,sha256:efedf3595f1d6f415c08568ba171029bf54052e754cc9f030e3f2412b21f3d67,postgres@sha256:efedf3595f1d6f415c08568ba171029bf54052e754cc9f030e3f2412b21f3d67,postgres:16-bookworm,"{""Family"": ""debian"", ""Name"": ""12.15""}",bsdutils=1:2.38.1-5+deb12u3; libblkid1=2.38.1-5+deb12u3; libmount1=2.38.1-5+deb12u3; libsmartcols1=2.38.1-5+deb12u3; libuuid1=2.38.1-5+deb12u3; mount=2.38.1-5+deb12u3; util-linux-extra=2.38.1-5+deb12u3; util-linux=2.38.1-5+deb12u3,HIGH,"{""redhat"": {""V3Score"": 7.8, ""V3Vector"": ""CVSS:3.1/AV:L/AC:L/PR:L/UI:N/S:U/C:H/I:H/A:H""}}",Not reported,False,Scanner detects runtime files; vulnerable function requires individual review,See SECURITY_SCAN_REVIEW.md; individual review incomplete,REVIEW_REQUIRED,REVIEW_REQUIRED,REVIEW_REQUIRED,See deployment scope/controls in SECURITY_SCAN_REVIEW.md; not a disposition,BLOCKING,baseline-postgres-scan.json; baseline-postgres-image.json; docs/SECURITY_SCAN_REVIEW.md,2026-10-14 (review required; not risk acceptance)
CVE-2026-78408,Trivy 0.75.0,vuln schema2 updated2026-10-07T00:53:05.111120428Z; Java schema1 updated2026-10-07T01:10:24.784068105Z,2026-10-07,postgres,sha256:efedf3595f1d6f415c08568ba171029bf54052e754cc9f030e3f2412b21f3d67,postgres@sha256:efedf3595f1d6f415c08568ba171029bf54052e754cc9f030e3f2412b21f3d67,postgres:16-bookworm,"{""Family"": ""debian"", ""Name"": ""12.15""}",bsdutils=1:2.38.1-5+deb12u3; libblkid1=2.38.1-5+deb12u3; libmount1=2.38.1-5+deb12u3; libsmartcols1=2.38.1-5+deb12u3; libuuid1=2.38.1-5+deb12u3; mount=2.38.1-5+deb12u3; util-linux-extra=2.38.1-5+deb12u3; util-linux=2.38.1-5+deb12u3,HIGH,"{""redhat"": {""V3Score"": 7.9, ""V3Vector"": ""CVSS:3.1/AV:L/AC:L/PR:L/UI:R/S:C/C:N/I:H/A:H""}}",Not reported,False,Scanner detects runtime files; vulnerable function requires individual review,See SECURITY_SCAN_REVIEW.md; individual review incomplete,REVIEW_REQUIRED,REVIEW_REQUIRED,REVIEW_REQUIRED,See deployment scope/controls in SECURITY_SCAN_REVIEW.md; not a disposition,BLOCKING,baseline-postgres-scan.json; baseline-postgres-image.json; docs/SECURITY_SCAN_REVIEW.md,2026-10-14 (review required; not risk acceptance)
CVE-2026-78409,Trivy 0.75.0,vuln schema2 updated2026-10-07T00:53:05.111120428Z; Java schema1 updated2026-10-07T01:10:24.784068105Z,2026-10-07,postgres,sha256:efedf3595f1d6f415c08568ba171029bf54052e754cc9f030e3f2412b21f3d67,postgres@sha256:efedf3595f1d6f415c08568ba171029bf54052e754cc9f030e3f2412b21f3d67,postgres:16-bookworm,"{""Family"": ""debian"", ""Name"": ""12.15""}",bsdutils=1:2.38.1-5+deb12u3; libblkid1=2.38.1-5+deb12u3; libmount1=2.38.1-5+deb12u3; libsmartcols1=2.38.1-5+deb12u3; libuuid1=2.38.1-5+deb12u3; mount=2.38.1-5+deb12u3; util-linux-extra=2.38.1-5+deb12u3; util-linux=2.38.1-5+deb12u3,HIGH,"{""redhat"": {""V3Score"": 7, ""V3Vector"": ""CVSS:3.1/AV:L/AC:H/PR:L/UI:N/S:U/C:H/I:H/A:H""}}",Not reported,False,Scanner detects runtime files; vulnerable function requires individual review,See SECURITY_SCAN_REVIEW.md; individual review incomplete,REVIEW_REQUIRED,REVIEW_REQUIRED,REVIEW_REQUIRED,See deployment scope/controls in SECURITY_SCAN_REVIEW.md; not a disposition,BLOCKING,baseline-postgres-scan.json; baseline-postgres-image.json; docs/SECURITY_SCAN_REVIEW.md,2026-10-14 (review required; not risk acceptance)
CVE-2026-78410,Trivy 0.75.0,vuln schema2 updated2026-10-07T00:53:05.111120428Z; Java schema1 updated2026-10-07T01:10:24.784068105Z,2026-10-07,postgres,sha256:efedf3595f1d6f415c08568ba171029bf54052e754cc9f030e3f2412b21f3d67,postgres@sha256:efedf3595f1d6f415c08568ba171029bf54052e754cc9f030e3f2412b21f3d67,postgres:16-bookworm,"{""Family"": ""debian"", ""Name"": ""12.15""}",bsdutils=1:2.38.1-5+deb12u3; libblkid1=2.38.1-5+deb12u3; libmount1=2.38.1-5+deb12u3; libsmartcols1=2.38.1-5+deb12u3; libuuid1=2.38.1-5+deb12u3; mount=2.38.1-5+deb12u3; util-linux-extra=2.38.1-5+deb12u3; util-linux=2.38.1-5+deb12u3,HIGH,"{""redhat"": {""V3Score"": 7.8, ""V3Vector"": ""CVSS:3.1/AV:L/AC:L/PR:L/UI:N/S:U/C:H/I:H/A:H""}}",Not reported,False,Scanner detects runtime files; vulnerable function requires individual review,See SECURITY_SCAN_REVIEW.md; individual review incomplete,REVIEW_REQUIRED,REVIEW_REQUIRED,REVIEW_REQUIRED,See deployment scope/controls in SECURITY_SCAN_REVIEW.md; not a disposition,BLOCKING,baseline-postgres-scan.json; baseline-postgres-image.json; docs/SECURITY_SCAN_REVIEW.md,2026-10-14 (review required; not risk acceptance)
CVE-2026-8376,Trivy 0.75.0,vuln schema2 updated2026-10-07T00:53:05.111120428Z; Java schema1 updated2026-10-07T01:10:24.784068105Z,2026-10-07,postgres,sha256:efedf3595f1d6f415c08568ba171029bf54052e754cc9f030e3f2412b21f3d67,postgres@sha256:efedf3595f1d6f415c08568ba171029bf54052e754cc9f030e3f2412b21f3d67,postgres:16-bookworm,"{""Family"": ""debian"", ""Name"": ""12.15""}",libperl5.36=5.36.0-7+deb12u3; perl-base=5.36.0-7+deb12u3; perl-modules-5.36=5.36.0-7+deb12u3; perl=5.36.0-7+deb12u3,CRITICAL,"{""nvd"": {""V3Score"": 9.8, ""V3Vector"": ""CVSS:3.1/AV:N/AC:L/PR:N/UI:N/S:U/C:H/I:H/A:H""}, ""redhat"": {""V3Score"": 5.7, ""V3Vector"": ""CVSS:3.1/AV:L/AC:H/PR:N/UI:N/S:U/C:N/I:L/A:H""}}",5.36.0-7+deb12u4,True,Scanner detects runtime files; vulnerable function requires individual review,See SECURITY_SCAN_REVIEW.md; individual review incomplete,REVIEW_REQUIRED,REVIEW_REQUIRED,REVIEW_REQUIRED,See deployment scope/controls in SECURITY_SCAN_REVIEW.md; not a disposition,BLOCKING,baseline-postgres-scan.json; baseline-postgres-image.json; docs/SECURITY_SCAN_REVIEW.md,2026-10-14 (review required; not risk acceptance)
CVE-2026-84782,Trivy 0.75.0,vuln schema2 updated2026-10-07T00:53:05.111120428Z; Java schema1 updated2026-10-07T01:10:24.784068105Z,2026-10-07,postgres,sha256:efedf3595f1d6f415c08568ba171029bf54052e754cc9f030e3f2412b21f3d67,postgres@sha256:efedf3595f1d6f415c08568ba171029bf54052e754cc9f030e3f2412b21f3d67,postgres:16-bookworm,"{""Family"": ""debian"", ""Name"": ""12.15""}",libssl3=3.0.20-1~deb12u2; openssl=3.0.20-1~deb12u2,HIGH,"{""redhat"": {""V3Score"": 7.4, ""V3Vector"": ""CVSS:3.1/AV:N/AC:H/PR:N/UI:N/S:U/C:H/I:N/A:H""}}",Not reported,False,Scanner detects runtime files; vulnerable function requires individual review,See SECURITY_SCAN_REVIEW.md; individual review incomplete,REVIEW_REQUIRED,REVIEW_REQUIRED,REVIEW_REQUIRED,See deployment scope/controls in SECURITY_SCAN_REVIEW.md; not a disposition,BLOCKING,baseline-postgres-scan.json; baseline-postgres-image.json; docs/SECURITY_SCAN_REVIEW.md,2026-10-14 (review required; not risk acceptance)
CVE-2026-86138,Trivy 0.75.0,vuln schema2 updated2026-10-07T00:53:05.111120428Z; Java schema1 updated2026-10-07T01:10:24.784068105Z,2026-10-07,postgres,sha256:efedf3595f1d6f415c08568ba171029bf54052e754cc9f030e3f2412b21f3d67,postgres@sha256:efedf3595f1d6f415c08568ba171029bf54052e754cc9f030e3f2412b21f3d67,postgres:16-bookworm,"{""Family"": ""debian"", ""Name"": ""12.15""}",libxml2=2.9.14+dfsg-1.3~deb12u6,HIGH,"{""nvd"": {""V3Score"": 7.8, ""V3Vector"": ""CVSS:3.1/AV:L/AC:L/PR:L/UI:N/S:U/C:H/I:H/A:H""}, ""redhat"": {""V3Score"": 6.9, ""V3Vector"": ""CVSS:3.1/AV:L/AC:H/PR:N/UI:N/S:U/C:H/I:H/A:L""}}",Not reported,False,Scanner detects runtime files; vulnerable function requires individual review,See SECURITY_SCAN_REVIEW.md; individual review incomplete,REVIEW_REQUIRED,REVIEW_REQUIRED,REVIEW_REQUIRED,See deployment scope/controls in SECURITY_SCAN_REVIEW.md; not a disposition,BLOCKING,baseline-postgres-scan.json; baseline-postgres-image.json; docs/SECURITY_SCAN_REVIEW.md,2026-10-14 (review required; not risk acceptance)
CVE-2026-86140,Trivy 0.75.0,vuln schema2 updated2026-10-07T00:53:05.111120428Z; Java schema1 updated2026-10-07T01:10:24.784068105Z,2026-10-07,postgres,sha256:efedf3595f1d6f415c08568ba171029bf54052e754cc9f030e3f2412b21f3d67,postgres@sha256:efedf3595f1d6f415c08568ba171029bf54052e754cc9f030e3f2412b21f3d67,postgres:16-bookworm,"{""Family"": ""debian"", ""Name"": ""12.15""}",libxml2=2.9.14+dfsg-1.3~deb12u6,HIGH,"{""nvd"": {""V3Score"": 7.8, ""V3Vector"": ""CVSS:3.1/AV:L/AC:L/PR:L/UI:N/S:U/C:H/I:H/A:H""}, ""redhat"": {""V3Score"": 7.4, ""V3Vector"": ""CVSS:3.1/AV:L/AC:H/PR:N/UI:N/S:U/C:H/I:H/A:H""}}",Not reported,False,Scanner detects runtime files; vulnerable function requires individual review,See SECURITY_SCAN_REVIEW.md; individual review incomplete,REVIEW_REQUIRED,REVIEW_REQUIRED,REVIEW_REQUIRED,See deployment scope/controls in SECURITY_SCAN_REVIEW.md; not a disposition,BLOCKING,baseline-postgres-scan.json; baseline-postgres-image.json; docs/SECURITY_SCAN_REVIEW.md,2026-10-14 (review required; not risk acceptance)
CVE-2026-86142,Trivy 0.75.0,vuln schema2 updated2026-10-07T00:53:05.111120428Z; Java schema1 updated2026-10-07T01:10:24.784068105Z,2026-10-07,postgres,sha256:efedf3595f1d6f415c08568ba171029bf54052e754cc9f030e3f2412b21f3d67,postgres@sha256:efedf3595f1d6f415c08568ba171029bf54052e754cc9f030e3f2412b21f3d67,postgres:16-bookworm,"{""Family"": ""debian"", ""Name"": ""12.15""}",libxml2=2.9.14+dfsg-1.3~deb12u6,HIGH,"{""nvd"": {""V3Score"": 7.8, ""V3Vector"": ""CVSS:3.1/AV:L/AC:L/PR:L/UI:N/S:U/C:H/I:H/A:H""}, ""redhat"": {""V3Score"": 6.9, ""V3Vector"": ""CVSS:3.1/AV:L/AC:H/PR:N/UI:N/S:U/C:H/I:H/A:L""}}",Not reported,False,Scanner detects runtime files; vulnerable function requires individual review,See SECURITY_SCAN_REVIEW.md; individual review incomplete,REVIEW_REQUIRED,REVIEW_REQUIRED,REVIEW_REQUIRED,See deployment scope/controls in SECURITY_SCAN_REVIEW.md; not a disposition,BLOCKING,baseline-postgres-scan.json; baseline-postgres-image.json; docs/SECURITY_SCAN_REVIEW.md,2026-10-14 (review required; not risk acceptance)
CVE-2026-86143,Trivy 0.75.0,vuln schema2 updated2026-10-07T00:53:05.111120428Z; Java schema1 updated2026-10-07T01:10:24.784068105Z,2026-10-07,postgres,sha256:efedf3595f1d6f415c08568ba171029bf54052e754cc9f030e3f2412b21f3d67,postgres@sha256:efedf3595f1d6f415c08568ba171029bf54052e754cc9f030e3f2412b21f3d67,postgres:16-bookworm,"{""Family"": ""debian"", ""Name"": ""12.15""}",libxml2=2.9.14+dfsg-1.3~deb12u6,HIGH,"{""nvd"": {""V3Score"": 7.3, ""V3Vector"": ""CVSS:3.1/AV:L/AC:L/PR:L/UI:N/S:U/C:H/I:H/A:L""}, ""redhat"": {""V3Score"": 6.9, ""V3Vector"": ""CVSS:3.1/AV:L/AC:H/PR:N/UI:N/S:U/C:H/I:H/A:L""}}",Not reported,False,Scanner detects runtime files; vulnerable function requires individual review,See SECURITY_SCAN_REVIEW.md; individual review incomplete,REVIEW_REQUIRED,REVIEW_REQUIRED,REVIEW_REQUIRED,See deployment scope/controls in SECURITY_SCAN_REVIEW.md; not a disposition,BLOCKING,baseline-postgres-scan.json; baseline-postgres-image.json; docs/SECURITY_SCAN_REVIEW.md,2026-10-14 (review required; not risk acceptance)
CVE-2026-86144,Trivy 0.75.0,vuln schema2 updated2026-10-07T00:53:05.111120428Z; Java schema1 updated2026-10-07T01:10:24.784068105Z,2026-10-07,postgres,sha256:efedf3595f1d6f415c08568ba171029bf54052e754cc9f030e3f2412b21f3d67,postgres@sha256:efedf3595f1d6f415c08568ba171029bf54052e754cc9f030e3f2412b21f3d67,postgres:16-bookworm,"{""Family"": ""debian"", ""Name"": ""12.15""}",libxml2=2.9.14+dfsg-1.3~deb12u6,HIGH,"{""nvd"": {""V3Score"": 7.8, ""V3Vector"": ""CVSS:3.1/AV:L/AC:L/PR:L/UI:N/S:U/C:H/I:H/A:H""}, ""redhat"": {""V3Score"": 5.6, ""V3Vector"": ""CVSS:3.1/AV:L/AC:H/PR:N/UI:N/S:C/C:L/I:L/A:L""}}",Not reported,False,Scanner detects runtime files; vulnerable function requires individual review,See SECURITY_SCAN_REVIEW.md; individual review incomplete,REVIEW_REQUIRED,REVIEW_REQUIRED,REVIEW_REQUIRED,See deployment scope/controls in SECURITY_SCAN_REVIEW.md; not a disposition,BLOCKING,baseline-postgres-scan.json; baseline-postgres-image.json; docs/SECURITY_SCAN_REVIEW.md,2026-10-14 (review required; not risk acceptance)
CVE-2026-9538,Trivy 0.75.0,vuln schema2 updated2026-10-07T00:53:05.111120428Z; Java schema1 updated2026-10-07T01:10:24.784068105Z,2026-10-07,postgres,sha256:efedf3595f1d6f415c08568ba171029bf54052e754cc9f030e3f2412b21f3d67,postgres@sha256:efedf3595f1d6f415c08568ba171029bf54052e754cc9f030e3f2412b21f3d67,postgres:16-bookworm,"{""Family"": ""debian"", ""Name"": ""12.15""}",libperl5.36=5.36.0-7+deb12u3; perl-base=5.36.0-7+deb12u3; perl-modules-5.36=5.36.0-7+deb12u3; perl=5.36.0-7+deb12u3,HIGH,"{""nvd"": {""V3Score"": 7.5, ""V3Vector"": ""CVSS:3.1/AV:N/AC:L/PR:N/UI:N/S:U/C:N/I:N/A:H""}, ""redhat"": {""V3Score"": 7.5, ""V3Vector"": ""CVSS:3.1/AV:N/AC:L/PR:N/UI:N/S:U/C:N/I:N/A:H""}}",Not reported,False,Scanner detects runtime files; vulnerable function requires individual review,See SECURITY_SCAN_REVIEW.md; individual review incomplete,REVIEW_REQUIRED,REVIEW_REQUIRED,REVIEW_REQUIRED,See deployment scope/controls in SECURITY_SCAN_REVIEW.md; not a disposition,BLOCKING,baseline-postgres-scan.json; baseline-postgres-image.json; docs/SECURITY_SCAN_REVIEW.md,2026-10-14 (review required; not risk acceptance)
CVE-2026-103111,Trivy 0.75.0,vuln schema2 updated2026-10-07T00:53:05.111120428Z; Java schema1 updated2026-10-07T01:10:24.784068105Z,2026-10-07,keycloak,sha256:b0f60d489d51c5d113390bdf5461d4c06e6051be026c05549f2e1e10ec352bcc,quay.io/keycloak/keycloak@sha256:b0f60d489d51c5d113390bdf5461d4c06e6051be026c05549f2e1e10ec352bcc,quay.io/keycloak/keycloak:26.8.0,"{""Family"": ""redhat"", ""Name"": ""9.8""}",pcre2-syntax=10.40-6.el9; pcre2=10.40-6.el9,HIGH,"{""redhat"": {""V3Score"": 7.6, ""V3Vector"": ""CVSS:3.1/AV:N/AC:L/PR:L/UI:N/S:U/C:L/I:H/A:L""}}",Not reported,False,Scanner detects runtime files; vulnerable function requires individual review,See SECURITY_SCAN_REVIEW.md; individual review incomplete,REVIEW_REQUIRED,REVIEW_REQUIRED,REVIEW_REQUIRED,See deployment scope/controls in SECURITY_SCAN_REVIEW.md; not a disposition,BLOCKING,baseline-keycloak-scan.json; baseline-keycloak-image.json; docs/SECURITY_SCAN_REVIEW.md,2026-10-14 (review required; not risk acceptance)
CVE-2026-86145,Trivy 0.75.0,vuln schema2 updated2026-10-07T00:53:05.111120428Z; Java schema1 updated2026-10-07T01:10:24.784068105Z,2026-10-07,keycloak,sha256:b0f60d489d51c5d113390bdf5461d4c06e6051be026c05549f2e1e10ec352bcc,quay.io/keycloak/keycloak@sha256:b0f60d489d51c5d113390bdf5461d4c06e6051be026c05549f2e1e10ec352bcc,quay.io/keycloak/keycloak:26.8.0,"{""Family"": ""redhat"", ""Name"": ""9.8""}",pcre2-syntax=10.40-6.el9; pcre2=10.40-6.el9,HIGH,"{""redhat"": {""V3Score"": 8.2, ""V3Vector"": ""CVSS:3.1/AV:N/AC:L/PR:N/UI:N/S:U/C:N/I:H/A:L""}}",Not reported,False,Scanner detects runtime files; vulnerable function requires individual review,See SECURITY_SCAN_REVIEW.md; individual review incomplete,REVIEW_REQUIRED,REVIEW_REQUIRED,REVIEW_REQUIRED,See deployment scope/controls in SECURITY_SCAN_REVIEW.md; not a disposition,BLOCKING,baseline-keycloak-scan.json; baseline-keycloak-image.json; docs/SECURITY_SCAN_REVIEW.md,2026-10-14 (review required; not risk acceptance)
CVE-2026-89161,Trivy 0.75.0,vuln schema2 updated2026-10-07T00:53:05.111120428Z; Java schema1 updated2026-10-07T01:10:24.784068105Z,2026-10-07,keycloak,sha256:b0f60d489d51c5d113390bdf5461d4c06e6051be026c05549f2e1e10ec352bcc,quay.io/keycloak/keycloak@sha256:b0f60d489d51c5d113390bdf5461d4c06e6051be026c05549f2e1e10ec352bcc,quay.io/keycloak/keycloak:26.8.0,"{""Family"": ""redhat"", ""Name"": ""9.8""}",pcre2-syntax=10.40-6.el9; pcre2=10.40-6.el9,HIGH,"{""nvd"": {""V3Score"": 7.8, ""V3Vector"": ""CVSS:3.1/AV:L/AC:L/PR:L/UI:N/S:U/C:H/I:H/A:H""}, ""redhat"": {""V3Score"": 7.4, ""V3Vector"": ""CVSS:3.1/AV:L/AC:H/PR:N/UI:N/S:U/C:H/I:H/A:H""}}",Not reported,False,Scanner detects runtime files; vulnerable function requires individual review,See SECURITY_SCAN_REVIEW.md; individual review incomplete,REVIEW_REQUIRED,REVIEW_REQUIRED,REVIEW_REQUIRED,See deployment scope/controls in SECURITY_SCAN_REVIEW.md; not a disposition,BLOCKING,baseline-keycloak-scan.json; baseline-keycloak-image.json; docs/SECURITY_SCAN_REVIEW.md,2026-10-14 (review required; not risk acceptance)
CVE-2023-2953,Trivy 0.75.0,vuln schema2 updated2026-10-07T00:53:05.111120428Z; Java schema1 updated2026-10-07T01:10:24.784068105Z,2026-10-07,minio,sha256:451f28618a53e97f8384075ebcbd0c416ec8f801d51f855bed2d0d23ae1a33f4,medsynth-minio-development@sha256:451f28618a53e97f8384075ebcbd0c416ec8f801d51f855bed2d0d23ae1a33f4,alpine:3.23 (repository source build),"{""Family"": ""debian"", ""Name"": ""12.15""}",libldap-2.5-0=2.5.13+dfsg-5,HIGH,"{""bitnami"": {""V3Score"": 7.5, ""V3Vector"": ""CVSS:3.1/AV:N/AC:L/PR:N/UI:N/S:U/C:N/I:N/A:H""}, ""nvd"": {""V3Score"": 7.5, ""V3Vector"": ""CVSS:3.1/AV:N/AC:L/PR:N/UI:N/S:U/C:N/I:N/A:H""}, ""redhat"": {""V3Score"": 7.1, ""V3Vector"": ""CVSS:3.1/AV:N/AC:L/PR:N/UI:R/S:U/C:N/I:L/A:H""}}",Not reported,False,Scanner detects runtime files; vulnerable function requires individual review,See SECURITY_SCAN_REVIEW.md; individual review incomplete,REVIEW_REQUIRED,REVIEW_REQUIRED,REVIEW_REQUIRED,See deployment scope/controls in SECURITY_SCAN_REVIEW.md; not a disposition,BLOCKING,baseline-minio-scan.json; baseline-minio-image.json; docs/SECURITY_SCAN_REVIEW.md,2026-10-14 (review required; not risk acceptance)
CVE-2023-45853,Trivy 0.75.0,vuln schema2 updated2026-10-07T00:53:05.111120428Z; Java schema1 updated2026-10-07T01:10:24.784068105Z,2026-10-07,minio,sha256:451f28618a53e97f8384075ebcbd0c416ec8f801d51f855bed2d0d23ae1a33f4,medsynth-minio-development@sha256:451f28618a53e97f8384075ebcbd0c416ec8f801d51f855bed2d0d23ae1a33f4,alpine:3.23 (repository source build),"{""Family"": ""debian"", ""Name"": ""12.15""}",zlib1g=1:1.2.13.dfsg-1,CRITICAL,"{""ghsa"": {""V3Score"": 9.8, ""V3Vector"": ""CVSS:3.1/AV:N/AC:L/PR:N/UI:N/S:U/C:H/I:H/A:H""}, ""julia"": {""V3Score"": 9.8, ""V3Vector"": ""CVSS:3.1/AV:N/AC:L/PR:N/UI:N/S:U/C:H/I:H/A:H""}, ""nvd"": {""V3Score"": 9.8, ""V3Vector"": ""CVSS:3.1/AV:N/AC:L/PR:N/UI:N/S:U/C:H/I:H/A:H""}, ""redhat"": {""V3Score"": 5.3, ""V3Vector"": ""CVSS:3.1/AV:L/AC:L/PR:N/UI:R/S:U/C:L/I:L/A:L""}}",Not reported,False,Scanner detects runtime files; vulnerable function requires individual review,See SECURITY_SCAN_REVIEW.md; individual review incomplete,REVIEW_REQUIRED,REVIEW_REQUIRED,REVIEW_REQUIRED,See deployment scope/controls in SECURITY_SCAN_REVIEW.md; not a disposition,BLOCKING,baseline-minio-scan.json; baseline-minio-image.json; docs/SECURITY_SCAN_REVIEW.md,2026-10-14 (review required; not risk acceptance)
CVE-2025-47913,Trivy 0.75.0,vuln schema2 updated2026-10-07T00:53:05.111120428Z; Java schema1 updated2026-10-07T01:10:24.784068105Z,2026-10-07,minio,sha256:451f28618a53e97f8384075ebcbd0c416ec8f801d51f855bed2d0d23ae1a33f4,medsynth-minio-development@sha256:451f28618a53e97f8384075ebcbd0c416ec8f801d51f855bed2d0d23ae1a33f4,alpine:3.23 (repository source build),"{""Family"": ""debian"", ""Name"": ""12.15""}",golang.org/x/crypto=v0.37.0,HIGH,"{""redhat"": {""V3Score"": 7.5, ""V3Vector"": ""CVSS:3.1/AV:N/AC:L/PR:N/UI:N/S:U/C:N/I:N/A:H""}}",0.43.0,True,Scanner detects runtime files; vulnerable function requires individual review,See SECURITY_SCAN_REVIEW.md; individual review incomplete,REVIEW_REQUIRED,REVIEW_REQUIRED,REVIEW_REQUIRED,See deployment scope/controls in SECURITY_SCAN_REVIEW.md; not a disposition,BLOCKING,baseline-minio-scan.json; baseline-minio-image.json; docs/SECURITY_SCAN_REVIEW.md,2026-10-14 (review required; not risk acceptance)
CVE-2025-69720,Trivy 0.75.0,vuln schema2 updated2026-10-07T00:53:05.111120428Z; Java schema1 updated2026-10-07T01:10:24.784068105Z,2026-10-07,minio,sha256:451f28618a53e97f8384075ebcbd0c416ec8f801d51f855bed2d0d23ae1a33f4,medsynth-minio-development@sha256:451f28618a53e97f8384075ebcbd0c416ec8f801d51f855bed2d0d23ae1a33f4,alpine:3.23 (repository source build),"{""Family"": ""debian"", ""Name"": ""12.15""}",libtinfo6=6.4-4; ncurses-base=6.4-4; ncurses-bin=6.4-4,HIGH,"{""julia"": {""V3Score"": 7.8, ""V3Vector"": ""CVSS:3.1/AV:L/AC:L/PR:N/UI:R/S:U/C:H/I:H/A:H""}, ""nvd"": {""V3Score"": 7.8, ""V3Vector"": ""CVSS:3.1/AV:L/AC:L/PR:N/UI:R/S:U/C:H/I:H/A:H""}, ""redhat"": {""V3Score"": 7.8, ""V3Vector"": ""CVSS:3.1/AV:L/AC:L/PR:L/UI:N/S:U/C:H/I:H/A:H""}}",Not reported,False,Scanner detects runtime files; vulnerable function requires individual review,See SECURITY_SCAN_REVIEW.md; individual review incomplete,REVIEW_REQUIRED,REVIEW_REQUIRED,REVIEW_REQUIRED,See deployment scope/controls in SECURITY_SCAN_REVIEW.md; not a disposition,BLOCKING,baseline-minio-scan.json; baseline-minio-image.json; docs/SECURITY_SCAN_REVIEW.md,2026-10-14 (review required; not risk acceptance)
CVE-2026-103111,Trivy 0.75.0,vuln schema2 updated2026-10-07T00:53:05.111120428Z; Java schema1 updated2026-10-07T01:10:24.784068105Z,2026-10-07,minio,sha256:451f28618a53e97f8384075ebcbd0c416ec8f801d51f855bed2d0d23ae1a33f4,medsynth-minio-development@sha256:451f28618a53e97f8384075ebcbd0c416ec8f801d51f855bed2d0d23ae1a33f4,alpine:3.23 (repository source build),"{""Family"": ""debian"", ""Name"": ""12.15""}",libpcre2-8-0=10.42-1+deb12u1,HIGH,"{""redhat"": {""V3Score"": 7.6, ""V3Vector"": ""CVSS:3.1/AV:N/AC:L/PR:L/UI:N/S:U/C:L/I:H/A:L""}}",10.42-1+deb12u2,True,Scanner detects runtime files; vulnerable function requires individual review,See SECURITY_SCAN_REVIEW.md; individual review incomplete,REVIEW_REQUIRED,REVIEW_REQUIRED,REVIEW_REQUIRED,See deployment scope/controls in SECURITY_SCAN_REVIEW.md; not a disposition,BLOCKING,baseline-minio-scan.json; baseline-minio-image.json; docs/SECURITY_SCAN_REVIEW.md,2026-10-14 (review required; not risk acceptance)
CVE-2026-12064,Trivy 0.75.0,vuln schema2 updated2026-10-07T00:53:05.111120428Z; Java schema1 updated2026-10-07T01:10:24.784068105Z,2026-10-07,minio,sha256:451f28618a53e97f8384075ebcbd0c416ec8f801d51f855bed2d0d23ae1a33f4,medsynth-minio-development@sha256:451f28618a53e97f8384075ebcbd0c416ec8f801d51f855bed2d0d23ae1a33f4,alpine:3.23 (repository source build),"{""Family"": ""debian"", ""Name"": ""12.15""}",curl=7.88.1-10+deb12u15; libcurl4=7.88.1-10+deb12u15,HIGH,"{""julia"": {""V3Score"": 7.5, ""V3Vector"": ""CVSS:3.1/AV:N/AC:L/PR:N/UI:N/S:U/C:N/I:H/A:N""}, ""redhat"": {""V3Score"": 7.5, ""V3Vector"": ""CVSS:3.1/AV:N/AC:L/PR:N/UI:N/S:U/C:N/I:H/A:N""}}",Not reported,False,Scanner detects runtime files; vulnerable function requires individual review,See SECURITY_SCAN_REVIEW.md; individual review incomplete,REVIEW_REQUIRED,REVIEW_REQUIRED,REVIEW_REQUIRED,See deployment scope/controls in SECURITY_SCAN_REVIEW.md; not a disposition,BLOCKING,baseline-minio-scan.json; baseline-minio-image.json; docs/SECURITY_SCAN_REVIEW.md,2026-10-14 (review required; not risk acceptance)
CVE-2026-13221,Trivy 0.75.0,vuln schema2 updated2026-10-07T00:53:05.111120428Z; Java schema1 updated2026-10-07T01:10:24.784068105Z,2026-10-07,minio,sha256:451f28618a53e97f8384075ebcbd0c416ec8f801d51f855bed2d0d23ae1a33f4,medsynth-minio-development@sha256:451f28618a53e97f8384075ebcbd0c416ec8f801d51f855bed2d0d23ae1a33f4,alpine:3.23 (repository source build),"{""Family"": ""debian"", ""Name"": ""12.15""}",perl-base=5.36.0-7+deb12u3,CRITICAL,"{""nvd"": {""V3Score"": 9.1, ""V3Vector"": ""CVSS:3.1/AV:N/AC:L/PR:N/UI:N/S:U/C:N/I:H/A:H""}, ""redhat"": {""V3Score"": 5.9, ""V3Vector"": ""CVSS:3.1/AV:N/AC:H/PR:L/UI:N/S:U/C:L/I:H/A:N""}}",5.36.0-7+deb12u4,True,Scanner detects runtime files; vulnerable function requires individual review,See SECURITY_SCAN_REVIEW.md; individual review incomplete,REVIEW_REQUIRED,REVIEW_REQUIRED,REVIEW_REQUIRED,See deployment scope/controls in SECURITY_SCAN_REVIEW.md; not a disposition,BLOCKING,baseline-minio-scan.json; baseline-minio-image.json; docs/SECURITY_SCAN_REVIEW.md,2026-10-14 (review required; not risk acceptance)
CVE-2026-16742,Trivy 0.75.0,vuln schema2 updated2026-10-07T00:53:05.111120428Z; Java schema1 updated2026-10-07T01:10:24.784068105Z,2026-10-07,minio,sha256:451f28618a53e97f8384075ebcbd0c416ec8f801d51f855bed2d0d23ae1a33f4,medsynth-minio-development@sha256:451f28618a53e97f8384075ebcbd0c416ec8f801d51f855bed2d0d23ae1a33f4,alpine:3.23 (repository source build),"{""Family"": ""debian"", ""Name"": ""12.15""}",libsystemd0=252.39-1~deb12u2; libudev1=252.39-1~deb12u2,HIGH,"{""redhat"": {""V3Score"": 8.8, ""V3Vector"": ""CVSS:3.1/AV:L/AC:L/PR:L/UI:N/S:C/C:H/I:H/A:H""}}",Not reported,False,Scanner detects runtime files; vulnerable function requires individual review,See SECURITY_SCAN_REVIEW.md; individual review incomplete,REVIEW_REQUIRED,REVIEW_REQUIRED,REVIEW_REQUIRED,See deployment scope/controls in SECURITY_SCAN_REVIEW.md; not a disposition,BLOCKING,baseline-minio-scan.json; baseline-minio-image.json; docs/SECURITY_SCAN_REVIEW.md,2026-10-14 (review required; not risk acceptance)
CVE-2026-24051,Trivy 0.75.0,vuln schema2 updated2026-10-07T00:53:05.111120428Z; Java schema1 updated2026-10-07T01:10:24.784068105Z,2026-10-07,minio,sha256:451f28618a53e97f8384075ebcbd0c416ec8f801d51f855bed2d0d23ae1a33f4,medsynth-minio-development@sha256:451f28618a53e97f8384075ebcbd0c416ec8f801d51f855bed2d0d23ae1a33f4,alpine:3.23 (repository source build),"{""Family"": ""debian"", ""Name"": ""12.15""}",go.opentelemetry.io/otel/sdk=v1.35.0,HIGH,"{""ghsa"": {""V3Score"": 7, ""V3Vector"": ""CVSS:3.1/AV:L/AC:H/PR:L/UI:N/S:U/C:H/I:H/A:H""}, ""redhat"": {""V3Score"": 7, ""V3Vector"": ""CVSS:3.1/AV:L/AC:H/PR:L/UI:N/S:U/C:H/I:H/A:H""}}",1.40.0,True,Scanner detects runtime files; vulnerable function requires individual review,See SECURITY_SCAN_REVIEW.md; individual review incomplete,REVIEW_REQUIRED,REVIEW_REQUIRED,REVIEW_REQUIRED,See deployment scope/controls in SECURITY_SCAN_REVIEW.md; not a disposition,BLOCKING,baseline-minio-scan.json; baseline-minio-image.json; docs/SECURITY_SCAN_REVIEW.md,2026-10-14 (review required; not risk acceptance)
CVE-2026-25681,Trivy 0.75.0,vuln schema2 updated2026-10-07T00:53:05.111120428Z; Java schema1 updated2026-10-07T01:10:24.784068105Z,2026-10-07,minio,sha256:451f28618a53e97f8384075ebcbd0c416ec8f801d51f855bed2d0d23ae1a33f4,medsynth-minio-development@sha256:451f28618a53e97f8384075ebcbd0c416ec8f801d51f855bed2d0d23ae1a33f4,alpine:3.23 (repository source build),"{""Family"": ""debian"", ""Name"": ""12.15""}",golang.org/x/net=v0.39.0,HIGH,"{""redhat"": {""V3Score"": 8.1, ""V3Vector"": ""CVSS:3.1/AV:N/AC:L/PR:N/UI:R/S:U/C:H/I:H/A:N""}}",0.55.0,True,Scanner detects runtime files; vulnerable function requires individual review,See SECURITY_SCAN_REVIEW.md; individual review incomplete,REVIEW_REQUIRED,REVIEW_REQUIRED,REVIEW_REQUIRED,See deployment scope/controls in SECURITY_SCAN_REVIEW.md; not a disposition,BLOCKING,baseline-minio-scan.json; baseline-minio-image.json; docs/SECURITY_SCAN_REVIEW.md,2026-10-14 (review required; not risk acceptance)
CVE-2026-27136,Trivy 0.75.0,vuln schema2 updated2026-10-07T00:53:05.111120428Z; Java schema1 updated2026-10-07T01:10:24.784068105Z,2026-10-07,minio,sha256:451f28618a53e97f8384075ebcbd0c416ec8f801d51f855bed2d0d23ae1a33f4,medsynth-minio-development@sha256:451f28618a53e97f8384075ebcbd0c416ec8f801d51f855bed2d0d23ae1a33f4,alpine:3.23 (repository source build),"{""Family"": ""debian"", ""Name"": ""12.15""}",golang.org/x/net=v0.39.0,HIGH,"{""redhat"": {""V3Score"": 8.1, ""V3Vector"": ""CVSS:3.1/AV:N/AC:L/PR:N/UI:R/S:U/C:H/I:H/A:N""}}",0.55.0,True,Scanner detects runtime files; vulnerable function requires individual review,See SECURITY_SCAN_REVIEW.md; individual review incomplete,REVIEW_REQUIRED,REVIEW_REQUIRED,REVIEW_REQUIRED,See deployment scope/controls in SECURITY_SCAN_REVIEW.md; not a disposition,BLOCKING,baseline-minio-scan.json; baseline-minio-image.json; docs/SECURITY_SCAN_REVIEW.md,2026-10-14 (review required; not risk acceptance)
CVE-2026-32285,Trivy 0.75.0,vuln schema2 updated2026-10-07T00:53:05.111120428Z; Java schema1 updated2026-10-07T01:10:24.784068105Z,2026-10-07,minio,sha256:451f28618a53e97f8384075ebcbd0c416ec8f801d51f855bed2d0d23ae1a33f4,medsynth-minio-development@sha256:451f28618a53e97f8384075ebcbd0c416ec8f801d51f855bed2d0d23ae1a33f4,alpine:3.23 (repository source build),"{""Family"": ""debian"", ""Name"": ""12.15""}",github.com/buger/jsonparser=v1.1.1,HIGH,"{""ghsa"": {""V3Score"": 7.5, ""V3Vector"": ""CVSS:3.1/AV:N/AC:L/PR:N/UI:N/S:U/C:N/I:N/A:H""}, ""redhat"": {""V3Score"": 7.5, ""V3Vector"": ""CVSS:3.1/AV:N/AC:L/PR:N/UI:N/S:U/C:N/I:N/A:H""}}",1.1.2,True,Scanner detects runtime files; vulnerable function requires individual review,See SECURITY_SCAN_REVIEW.md; individual review incomplete,REVIEW_REQUIRED,REVIEW_REQUIRED,REVIEW_REQUIRED,See deployment scope/controls in SECURITY_SCAN_REVIEW.md; not a disposition,BLOCKING,baseline-minio-scan.json; baseline-minio-image.json; docs/SECURITY_SCAN_REVIEW.md,2026-10-14 (review required; not risk acceptance)
CVE-2026-33186,Trivy 0.75.0,vuln schema2 updated2026-10-07T00:53:05.111120428Z; Java schema1 updated2026-10-07T01:10:24.784068105Z,2026-10-07,minio,sha256:451f28618a53e97f8384075ebcbd0c416ec8f801d51f855bed2d0d23ae1a33f4,medsynth-minio-development@sha256:451f28618a53e97f8384075ebcbd0c416ec8f801d51f855bed2d0d23ae1a33f4,alpine:3.23 (repository source build),"{""Family"": ""debian"", ""Name"": ""12.15""}",google.golang.org/grpc=v1.72.0,CRITICAL,"{""ghsa"": {""V3Score"": 9.1, ""V3Vector"": ""CVSS:3.1/AV:N/AC:L/PR:N/UI:N/S:U/C:H/I:H/A:N""}, ""redhat"": {""V3Score"": 9.1, ""V3Vector"": ""CVSS:3.1/AV:N/AC:L/PR:N/UI:N/S:U/C:H/I:H/A:N""}}",1.79.3,True,Scanner detects runtime files; vulnerable function requires individual review,See SECURITY_SCAN_REVIEW.md; individual review incomplete,REVIEW_REQUIRED,REVIEW_REQUIRED,REVIEW_REQUIRED,See deployment scope/controls in SECURITY_SCAN_REVIEW.md; not a disposition,BLOCKING,baseline-minio-scan.json; baseline-minio-image.json; docs/SECURITY_SCAN_REVIEW.md,2026-10-14 (review required; not risk acceptance)
CVE-2026-33322,Trivy 0.75.0,vuln schema2 updated2026-10-07T00:53:05.111120428Z; Java schema1 updated2026-10-07T01:10:24.784068105Z,2026-10-07,minio,sha256:451f28618a53e97f8384075ebcbd0c416ec8f801d51f855bed2d0d23ae1a33f4,medsynth-minio-development@sha256:451f28618a53e97f8384075ebcbd0c416ec8f801d51f855bed2d0d23ae1a33f4,alpine:3.23 (repository source build),"{""Family"": ""debian"", ""Name"": ""12.15""}",github.com/minio/minio=v0.0.0-20251015172955-9e49d5e7a648,CRITICAL,"{""bitnami"": {""V40Score"": 9.2, ""V40Vector"": ""CVSS:4.0/AV:N/AC:L/AT:P/PR:N/UI:N/VC:H/VI:H/VA:H/SC:N/SI:N/SA:N""}, ""ghsa"": {""V40Score"": 9.2, ""V40Vector"": ""CVSS:4.0/AV:N/AC:L/AT:P/PR:N/UI:N/VC:H/VI:H/VA:H/SC:N/SI:N/SA:N""}, ""nvd"": {""V3Score"": 9.8, ""V3Vector"": ""CVSS:3.1/AV:N/AC:L/PR:N/UI:N/S:U/C:H/I:H/A:H""}}",Not reported,False,Scanner detects runtime files; vulnerable function requires individual review,See SECURITY_SCAN_REVIEW.md; individual review incomplete,REVIEW_REQUIRED,REVIEW_REQUIRED,REVIEW_REQUIRED,See deployment scope/controls in SECURITY_SCAN_REVIEW.md; not a disposition,BLOCKING,baseline-minio-scan.json; baseline-minio-image.json; docs/SECURITY_SCAN_REVIEW.md,2026-10-14 (review required; not risk acceptance)
CVE-2026-33419,Trivy 0.75.0,vuln schema2 updated2026-10-07T00:53:05.111120428Z; Java schema1 updated2026-10-07T01:10:24.784068105Z,2026-10-07,minio,sha256:451f28618a53e97f8384075ebcbd0c416ec8f801d51f855bed2d0d23ae1a33f4,medsynth-minio-development@sha256:451f28618a53e97f8384075ebcbd0c416ec8f801d51f855bed2d0d23ae1a33f4,alpine:3.23 (repository source build),"{""Family"": ""debian"", ""Name"": ""12.15""}",github.com/minio/minio=v0.0.0-20251015172955-9e49d5e7a648,CRITICAL,"{""bitnami"": {""V40Score"": 9.1, ""V40Vector"": ""CVSS:4.0/AV:N/AC:L/AT:P/PR:N/UI:N/VC:H/VI:H/VA:N/SC:N/SI:N/SA:N""}, ""ghsa"": {""V40Score"": 9.1, ""V40Vector"": ""CVSS:4.0/AV:N/AC:L/AT:P/PR:N/UI:N/VC:H/VI:H/VA:N/SC:N/SI:N/SA:N""}, ""nvd"": {""V3Score"": 7.5, ""V3Vector"": ""CVSS:3.1/AV:N/AC:L/PR:N/UI:N/S:U/C:H/I:N/A:N""}}",Not reported,False,Scanner detects runtime files; vulnerable function requires individual review,See SECURITY_SCAN_REVIEW.md; individual review incomplete,REVIEW_REQUIRED,REVIEW_REQUIRED,REVIEW_REQUIRED,See deployment scope/controls in SECURITY_SCAN_REVIEW.md; not a disposition,BLOCKING,baseline-minio-scan.json; baseline-minio-image.json; docs/SECURITY_SCAN_REVIEW.md,2026-10-14 (review required; not risk acceptance)
CVE-2026-33814,Trivy 0.75.0,vuln schema2 updated2026-10-07T00:53:05.111120428Z; Java schema1 updated2026-10-07T01:10:24.784068105Z,2026-10-07,minio,sha256:451f28618a53e97f8384075ebcbd0c416ec8f801d51f855bed2d0d23ae1a33f4,medsynth-minio-development@sha256:451f28618a53e97f8384075ebcbd0c416ec8f801d51f855bed2d0d23ae1a33f4,alpine:3.23 (repository source build),"{""Family"": ""debian"", ""Name"": ""12.15""}",golang.org/x/net=v0.39.0,HIGH,"{""bitnami"": {""V3Score"": 7.5, ""V3Vector"": ""CVSS:3.1/AV:N/AC:L/PR:N/UI:N/S:U/C:N/I:N/A:H""}, ""nvd"": {""V3Score"": 7.5, ""V3Vector"": ""CVSS:3.1/AV:N/AC:L/PR:N/UI:N/S:U/C:N/I:N/A:H""}, ""redhat"": {""V3Score"": 7.5, ""V3Vector"": ""CVSS:3.1/AV:N/AC:L/PR:N/UI:N/S:U/C:N/I:N/A:H""}}",0.53.0,True,Scanner detects runtime files; vulnerable function requires individual review,See SECURITY_SCAN_REVIEW.md; individual review incomplete,REVIEW_REQUIRED,REVIEW_REQUIRED,REVIEW_REQUIRED,See deployment scope/controls in SECURITY_SCAN_REVIEW.md; not a disposition,BLOCKING,baseline-minio-scan.json; baseline-minio-image.json; docs/SECURITY_SCAN_REVIEW.md,2026-10-14 (review required; not risk acceptance)
CVE-2026-34204,Trivy 0.75.0,vuln schema2 updated2026-10-07T00:53:05.111120428Z; Java schema1 updated2026-10-07T01:10:24.784068105Z,2026-10-07,minio,sha256:451f28618a53e97f8384075ebcbd0c416ec8f801d51f855bed2d0d23ae1a33f4,medsynth-minio-development@sha256:451f28618a53e97f8384075ebcbd0c416ec8f801d51f855bed2d0d23ae1a33f4,alpine:3.23 (repository source build),"{""Family"": ""debian"", ""Name"": ""12.15""}",github.com/minio/minio=v0.0.0-20251015172955-9e49d5e7a648,HIGH,"{""bitnami"": {""V40Score"": 7.1, ""V40Vector"": ""CVSS:4.0/AV:N/AC:L/AT:N/PR:L/UI:N/VC:N/VI:L/VA:H/SC:N/SI:N/SA:N""}, ""ghsa"": {""V3Score"": 7.1, ""V3Vector"": ""CVSS:3.1/AV:N/AC:L/PR:L/UI:N/S:U/C:N/I:L/A:H"", ""V40Score"": 7.1, ""V40Vector"": ""CVSS:4.0/AV:N/AC:L/AT:N/PR:L/UI:N/VC:N/VI:L/VA:H/SC:N/SI:N/SA:N""}, ""nvd"": {""V3Score"": 7.1, ""V3Vector"": ""CVSS:3.1/AV:N/AC:L/PR:L/UI:N/S:U/C:N/I:L/A:H""}}",Not reported,False,Scanner detects runtime files; vulnerable function requires individual review,See SECURITY_SCAN_REVIEW.md; individual review incomplete,REVIEW_REQUIRED,REVIEW_REQUIRED,REVIEW_REQUIRED,See deployment scope/controls in SECURITY_SCAN_REVIEW.md; not a disposition,BLOCKING,baseline-minio-scan.json; baseline-minio-image.json; docs/SECURITY_SCAN_REVIEW.md,2026-10-14 (review required; not risk acceptance)
CVE-2026-34986,Trivy 0.75.0,vuln schema2 updated2026-10-07T00:53:05.111120428Z; Java schema1 updated2026-10-07T01:10:24.784068105Z,2026-10-07,minio,sha256:451f28618a53e97f8384075ebcbd0c416ec8f801d51f855bed2d0d23ae1a33f4,medsynth-minio-development@sha256:451f28618a53e97f8384075ebcbd0c416ec8f801d51f855bed2d0d23ae1a33f4,alpine:3.23 (repository source build),"{""Family"": ""debian"", ""Name"": ""12.15""}",github.com/go-jose/go-jose/v4=v4.1.0,HIGH,"{""ghsa"": {""V3Score"": 7.5, ""V3Vector"": ""CVSS:3.1/AV:N/AC:L/PR:N/UI:N/S:U/C:N/I:N/A:H""}, ""redhat"": {""V3Score"": 7.5, ""V3Vector"": ""CVSS:3.1/AV:N/AC:L/PR:N/UI:N/S:U/C:N/I:N/A:H""}}",4.1.4,True,Scanner detects runtime files; vulnerable function requires individual review,See SECURITY_SCAN_REVIEW.md; individual review incomplete,REVIEW_REQUIRED,REVIEW_REQUIRED,REVIEW_REQUIRED,See deployment scope/controls in SECURITY_SCAN_REVIEW.md; not a disposition,BLOCKING,baseline-minio-scan.json; baseline-minio-image.json; docs/SECURITY_SCAN_REVIEW.md,2026-10-14 (review required; not risk acceptance)
CVE-2026-39414,Trivy 0.75.0,vuln schema2 updated2026-10-07T00:53:05.111120428Z; Java schema1 updated2026-10-07T01:10:24.784068105Z,2026-10-07,minio,sha256:451f28618a53e97f8384075ebcbd0c416ec8f801d51f855bed2d0d23ae1a33f4,medsynth-minio-development@sha256:451f28618a53e97f8384075ebcbd0c416ec8f801d51f855bed2d0d23ae1a33f4,alpine:3.23 (repository source build),"{""Family"": ""debian"", ""Name"": ""12.15""}",github.com/minio/minio=v0.0.0-20251015172955-9e49d5e7a648,HIGH,"{""bitnami"": {""V40Score"": 7.1, ""V40Vector"": ""CVSS:4.0/AV:N/AC:L/AT:N/PR:L/UI:N/VC:N/VI:N/VA:H/SC:N/SI:N/SA:N""}, ""ghsa"": {""V40Score"": 7.1, ""V40Vector"": ""CVSS:4.0/AV:N/AC:L/AT:N/PR:L/UI:N/VC:N/VI:N/VA:H/SC:N/SI:N/SA:N""}, ""nvd"": {""V3Score"": 6.5, ""V3Vector"": ""CVSS:3.1/AV:N/AC:L/PR:L/UI:N/S:U/C:N/I:N/A:H""}}",Not reported,False,Scanner detects runtime files; vulnerable function requires individual review,See SECURITY_SCAN_REVIEW.md; individual review incomplete,REVIEW_REQUIRED,REVIEW_REQUIRED,REVIEW_REQUIRED,See deployment scope/controls in SECURITY_SCAN_REVIEW.md; not a disposition,BLOCKING,baseline-minio-scan.json; baseline-minio-image.json; docs/SECURITY_SCAN_REVIEW.md,2026-10-14 (review required; not risk acceptance)
CVE-2026-39821,Trivy 0.75.0,vuln schema2 updated2026-10-07T00:53:05.111120428Z; Java schema1 updated2026-10-07T01:10:24.784068105Z,2026-10-07,minio,sha256:451f28618a53e97f8384075ebcbd0c416ec8f801d51f855bed2d0d23ae1a33f4,medsynth-minio-development@sha256:451f28618a53e97f8384075ebcbd0c416ec8f801d51f855bed2d0d23ae1a33f4,alpine:3.23 (repository source build),"{""Family"": ""debian"", ""Name"": ""12.15""}",golang.org/x/net=v0.39.0,HIGH,"{""redhat"": {""V3Score"": 8.2, ""V3Vector"": ""CVSS:3.1/AV:N/AC:H/PR:L/UI:N/S:C/C:H/I:H/A:N""}}",0.55.0,True,Scanner detects runtime files; vulnerable function requires individual review,See SECURITY_SCAN_REVIEW.md; individual review incomplete,REVIEW_REQUIRED,REVIEW_REQUIRED,REVIEW_REQUIRED,See deployment scope/controls in SECURITY_SCAN_REVIEW.md; not a disposition,BLOCKING,baseline-minio-scan.json; baseline-minio-image.json; docs/SECURITY_SCAN_REVIEW.md,2026-10-14 (review required; not risk acceptance)
CVE-2026-39828,Trivy 0.75.0,vuln schema2 updated2026-10-07T00:53:05.111120428Z; Java schema1 updated2026-10-07T01:10:24.784068105Z,2026-10-07,minio,sha256:451f28618a53e97f8384075ebcbd0c416ec8f801d51f855bed2d0d23ae1a33f4,medsynth-minio-development@sha256:451f28618a53e97f8384075ebcbd0c416ec8f801d51f855bed2d0d23ae1a33f4,alpine:3.23 (repository source build),"{""Family"": ""debian"", ""Name"": ""12.15""}",golang.org/x/crypto=v0.37.0,HIGH,"{""redhat"": {""V3Score"": 8.8, ""V3Vector"": ""CVSS:3.1/AV:N/AC:L/PR:L/UI:N/S:U/C:H/I:H/A:H""}}",0.52.0,True,Scanner detects runtime files; vulnerable function requires individual review,See SECURITY_SCAN_REVIEW.md; individual review incomplete,REVIEW_REQUIRED,REVIEW_REQUIRED,REVIEW_REQUIRED,See deployment scope/controls in SECURITY_SCAN_REVIEW.md; not a disposition,BLOCKING,baseline-minio-scan.json; baseline-minio-image.json; docs/SECURITY_SCAN_REVIEW.md,2026-10-14 (review required; not risk acceptance)
CVE-2026-39829,Trivy 0.75.0,vuln schema2 updated2026-10-07T00:53:05.111120428Z; Java schema1 updated2026-10-07T01:10:24.784068105Z,2026-10-07,minio,sha256:451f28618a53e97f8384075ebcbd0c416ec8f801d51f855bed2d0d23ae1a33f4,medsynth-minio-development@sha256:451f28618a53e97f8384075ebcbd0c416ec8f801d51f855bed2d0d23ae1a33f4,alpine:3.23 (repository source build),"{""Family"": ""debian"", ""Name"": ""12.15""}",golang.org/x/crypto=v0.37.0,HIGH,"{""redhat"": {""V3Score"": 7.5, ""V3Vector"": ""CVSS:3.1/AV:N/AC:L/PR:N/UI:N/S:U/C:N/I:N/A:H""}}",0.52.0,True,Scanner detects runtime files; vulnerable function requires individual review,See SECURITY_SCAN_REVIEW.md; individual review incomplete,REVIEW_REQUIRED,REVIEW_REQUIRED,REVIEW_REQUIRED,See deployment scope/controls in SECURITY_SCAN_REVIEW.md; not a disposition,BLOCKING,baseline-minio-scan.json; baseline-minio-image.json; docs/SECURITY_SCAN_REVIEW.md,2026-10-14 (review required; not risk acceptance)
CVE-2026-39830,Trivy 0.75.0,vuln schema2 updated2026-10-07T00:53:05.111120428Z; Java schema1 updated2026-10-07T01:10:24.784068105Z,2026-10-07,minio,sha256:451f28618a53e97f8384075ebcbd0c416ec8f801d51f855bed2d0d23ae1a33f4,medsynth-minio-development@sha256:451f28618a53e97f8384075ebcbd0c416ec8f801d51f855bed2d0d23ae1a33f4,alpine:3.23 (repository source build),"{""Family"": ""debian"", ""Name"": ""12.15""}",golang.org/x/crypto=v0.37.0,HIGH,"{""redhat"": {""V3Score"": 7.5, ""V3Vector"": ""CVSS:3.1/AV:N/AC:L/PR:N/UI:N/S:U/C:N/I:N/A:H""}}",0.52.0,True,Scanner detects runtime files; vulnerable function requires individual review,See SECURITY_SCAN_REVIEW.md; individual review incomplete,REVIEW_REQUIRED,REVIEW_REQUIRED,REVIEW_REQUIRED,See deployment scope/controls in SECURITY_SCAN_REVIEW.md; not a disposition,BLOCKING,baseline-minio-scan.json; baseline-minio-image.json; docs/SECURITY_SCAN_REVIEW.md,2026-10-14 (review required; not risk acceptance)
CVE-2026-39831,Trivy 0.75.0,vuln schema2 updated2026-10-07T00:53:05.111120428Z; Java schema1 updated2026-10-07T01:10:24.784068105Z,2026-10-07,minio,sha256:451f28618a53e97f8384075ebcbd0c416ec8f801d51f855bed2d0d23ae1a33f4,medsynth-minio-development@sha256:451f28618a53e97f8384075ebcbd0c416ec8f801d51f855bed2d0d23ae1a33f4,alpine:3.23 (repository source build),"{""Family"": ""debian"", ""Name"": ""12.15""}",golang.org/x/crypto=v0.37.0,HIGH,"{""redhat"": {""V3Score"": 8.1, ""V3Vector"": ""CVSS:3.1/AV:N/AC:L/PR:L/UI:N/S:U/C:H/I:H/A:N""}}",0.52.0,True,Scanner detects runtime files; vulnerable function requires individual review,See SECURITY_SCAN_REVIEW.md; individual review incomplete,REVIEW_REQUIRED,REVIEW_REQUIRED,REVIEW_REQUIRED,See deployment scope/controls in SECURITY_SCAN_REVIEW.md; not a disposition,BLOCKING,baseline-minio-scan.json; baseline-minio-image.json; docs/SECURITY_SCAN_REVIEW.md,2026-10-14 (review required; not risk acceptance)
CVE-2026-39832,Trivy 0.75.0,vuln schema2 updated2026-10-07T00:53:05.111120428Z; Java schema1 updated2026-10-07T01:10:24.784068105Z,2026-10-07,minio,sha256:451f28618a53e97f8384075ebcbd0c416ec8f801d51f855bed2d0d23ae1a33f4,medsynth-minio-development@sha256:451f28618a53e97f8384075ebcbd0c416ec8f801d51f855bed2d0d23ae1a33f4,alpine:3.23 (repository source build),"{""Family"": ""debian"", ""Name"": ""12.15""}",golang.org/x/crypto=v0.37.0,HIGH,"{""redhat"": {""V3Score"": 8.7, ""V3Vector"": ""CVSS:3.1/AV:N/AC:L/PR:L/UI:R/S:C/C:H/I:H/A:N""}}",0.52.0,True,Scanner detects runtime files; vulnerable function requires individual review,See SECURITY_SCAN_REVIEW.md; individual review incomplete,REVIEW_REQUIRED,REVIEW_REQUIRED,REVIEW_REQUIRED,See deployment scope/controls in SECURITY_SCAN_REVIEW.md; not a disposition,BLOCKING,baseline-minio-scan.json; baseline-minio-image.json; docs/SECURITY_SCAN_REVIEW.md,2026-10-14 (review required; not risk acceptance)
CVE-2026-39835,Trivy 0.75.0,vuln schema2 updated2026-10-07T00:53:05.111120428Z; Java schema1 updated2026-10-07T01:10:24.784068105Z,2026-10-07,minio,sha256:451f28618a53e97f8384075ebcbd0c416ec8f801d51f855bed2d0d23ae1a33f4,medsynth-minio-development@sha256:451f28618a53e97f8384075ebcbd0c416ec8f801d51f855bed2d0d23ae1a33f4,alpine:3.23 (repository source build),"{""Family"": ""debian"", ""Name"": ""12.15""}",golang.org/x/crypto=v0.37.0,HIGH,"{""redhat"": {""V3Score"": 7.5, ""V3Vector"": ""CVSS:3.1/AV:N/AC:L/PR:N/UI:N/S:U/C:N/I:N/A:H""}}",0.52.0,True,Scanner detects runtime files; vulnerable function requires individual review,See SECURITY_SCAN_REVIEW.md; individual review incomplete,REVIEW_REQUIRED,REVIEW_REQUIRED,REVIEW_REQUIRED,See deployment scope/controls in SECURITY_SCAN_REVIEW.md; not a disposition,BLOCKING,baseline-minio-scan.json; baseline-minio-image.json; docs/SECURITY_SCAN_REVIEW.md,2026-10-14 (review required; not risk acceptance)
CVE-2026-39883,Trivy 0.75.0,vuln schema2 updated2026-10-07T00:53:05.111120428Z; Java schema1 updated2026-10-07T01:10:24.784068105Z,2026-10-07,minio,sha256:451f28618a53e97f8384075ebcbd0c416ec8f801d51f855bed2d0d23ae1a33f4,medsynth-minio-development@sha256:451f28618a53e97f8384075ebcbd0c416ec8f801d51f855bed2d0d23ae1a33f4,alpine:3.23 (repository source build),"{""Family"": ""debian"", ""Name"": ""12.15""}",go.opentelemetry.io/otel/sdk=v1.35.0,HIGH,"{""ghsa"": {""V40Score"": 7.3, ""V40Vector"": ""CVSS:4.0/AV:L/AC:H/AT:N/PR:L/UI:N/VC:H/VI:H/VA:H/SC:N/SI:N/SA:N""}, ""nvd"": {""V3Score"": 7, ""V3Vector"": ""CVSS:3.1/AV:L/AC:H/PR:L/UI:N/S:U/C:H/I:H/A:H""}, ""redhat"": {""V3Score"": 8.8, ""V3Vector"": ""CVSS:3.1/AV:L/AC:L/PR:L/UI:N/S:C/C:H/I:H/A:H""}}",1.43.0,True,Scanner detects runtime files; vulnerable function requires individual review,See SECURITY_SCAN_REVIEW.md; individual review incomplete,REVIEW_REQUIRED,REVIEW_REQUIRED,REVIEW_REQUIRED,See deployment scope/controls in SECURITY_SCAN_REVIEW.md; not a disposition,BLOCKING,baseline-minio-scan.json; baseline-minio-image.json; docs/SECURITY_SCAN_REVIEW.md,2026-10-14 (review required; not risk acceptance)
CVE-2026-40344,Trivy 0.75.0,vuln schema2 updated2026-10-07T00:53:05.111120428Z; Java schema1 updated2026-10-07T01:10:24.784068105Z,2026-10-07,minio,sha256:451f28618a53e97f8384075ebcbd0c416ec8f801d51f855bed2d0d23ae1a33f4,medsynth-minio-development@sha256:451f28618a53e97f8384075ebcbd0c416ec8f801d51f855bed2d0d23ae1a33f4,alpine:3.23 (repository source build),"{""Family"": ""debian"", ""Name"": ""12.15""}",github.com/minio/minio=v0.0.0-20251015172955-9e49d5e7a648,HIGH,"{""bitnami"": {""V40Score"": 8.8, ""V40Vector"": ""CVSS:4.0/AV:N/AC:L/AT:N/PR:N/UI:N/VC:N/VI:H/VA:L/SC:N/SI:N/SA:N""}, ""ghsa"": {""V3Score"": 8.2, ""V3Vector"": ""CVSS:3.1/AV:N/AC:L/PR:N/UI:N/S:U/C:N/I:H/A:L"", ""V40Score"": 8.8, ""V40Vector"": ""CVSS:4.0/AV:N/AC:L/AT:N/PR:N/UI:N/VC:N/VI:H/VA:L/SC:N/SI:N/SA:N""}, ""nvd"": {""V3Score"": 8.2, ""V3Vector"": ""CVSS:3.1/AV:N/AC:L/PR:N/UI:N/S:U/C:N/I:H/A:L""}}",Not reported,False,Scanner detects runtime files; vulnerable function requires individual review,See SECURITY_SCAN_REVIEW.md; individual review incomplete,REVIEW_REQUIRED,REVIEW_REQUIRED,REVIEW_REQUIRED,See deployment scope/controls in SECURITY_SCAN_REVIEW.md; not a disposition,BLOCKING,baseline-minio-scan.json; baseline-minio-image.json; docs/SECURITY_SCAN_REVIEW.md,2026-10-14 (review required; not risk acceptance)
CVE-2026-41145,Trivy 0.75.0,vuln schema2 updated2026-10-07T00:53:05.111120428Z; Java schema1 updated2026-10-07T01:10:24.784068105Z,2026-10-07,minio,sha256:451f28618a53e97f8384075ebcbd0c416ec8f801d51f855bed2d0d23ae1a33f4,medsynth-minio-development@sha256:451f28618a53e97f8384075ebcbd0c416ec8f801d51f855bed2d0d23ae1a33f4,alpine:3.23 (repository source build),"{""Family"": ""debian"", ""Name"": ""12.15""}",github.com/minio/minio=v0.0.0-20251015172955-9e49d5e7a648,HIGH,"{""bitnami"": {""V40Score"": 8.8, ""V40Vector"": ""CVSS:4.0/AV:N/AC:L/AT:N/PR:N/UI:N/VC:N/VI:H/VA:L/SC:N/SI:N/SA:N""}, ""ghsa"": {""V3Score"": 8.2, ""V3Vector"": ""CVSS:3.1/AV:N/AC:L/PR:N/UI:N/S:U/C:N/I:H/A:L"", ""V40Score"": 8.8, ""V40Vector"": ""CVSS:4.0/AV:N/AC:L/AT:N/PR:N/UI:N/VC:N/VI:H/VA:L/SC:N/SI:N/SA:N""}, ""nvd"": {""V3Score"": 8.2, ""V3Vector"": ""CVSS:3.1/AV:N/AC:L/PR:N/UI:N/S:U/C:N/I:H/A:L""}}",Not reported,False,Scanner detects runtime files; vulnerable function requires individual review,See SECURITY_SCAN_REVIEW.md; individual review incomplete,REVIEW_REQUIRED,REVIEW_REQUIRED,REVIEW_REQUIRED,See deployment scope/controls in SECURITY_SCAN_REVIEW.md; not a disposition,BLOCKING,baseline-minio-scan.json; baseline-minio-image.json; docs/SECURITY_SCAN_REVIEW.md,2026-10-14 (review required; not risk acceptance)
CVE-2026-41602,Trivy 0.75.0,vuln schema2 updated2026-10-07T00:53:05.111120428Z; Java schema1 updated2026-10-07T01:10:24.784068105Z,2026-10-07,minio,sha256:451f28618a53e97f8384075ebcbd0c416ec8f801d51f855bed2d0d23ae1a33f4,medsynth-minio-development@sha256:451f28618a53e97f8384075ebcbd0c416ec8f801d51f855bed2d0d23ae1a33f4,alpine:3.23 (repository source build),"{""Family"": ""debian"", ""Name"": ""12.15""}",github.com/apache/thrift=v0.21.0,HIGH,"{""bitnami"": {""V3Score"": 7.5, ""V3Vector"": ""CVSS:3.1/AV:N/AC:L/PR:N/UI:N/S:U/C:N/I:N/A:H""}, ""ghsa"": {""V3Score"": 7.5, ""V3Vector"": ""CVSS:3.1/AV:N/AC:L/PR:N/UI:N/S:U/C:N/I:N/A:H""}, ""redhat"": {""V3Score"": 7.5, ""V3Vector"": ""CVSS:3.1/AV:N/AC:L/PR:N/UI:N/S:U/C:N/I:N/A:H""}}",0.23.0,True,Scanner detects runtime files; vulnerable function requires individual review,See SECURITY_SCAN_REVIEW.md; individual review incomplete,REVIEW_REQUIRED,REVIEW_REQUIRED,REVIEW_REQUIRED,See deployment scope/controls in SECURITY_SCAN_REVIEW.md; not a disposition,BLOCKING,baseline-minio-scan.json; baseline-minio-image.json; docs/SECURITY_SCAN_REVIEW.md,2026-10-14 (review required; not risk acceptance)
CVE-2026-41992,Trivy 0.75.0,vuln schema2 updated2026-10-07T00:53:05.111120428Z; Java schema1 updated2026-10-07T01:10:24.784068105Z,2026-10-07,minio,sha256:451f28618a53e97f8384075ebcbd0c416ec8f801d51f855bed2d0d23ae1a33f4,medsynth-minio-development@sha256:451f28618a53e97f8384075ebcbd0c416ec8f801d51f855bed2d0d23ae1a33f4,alpine:3.23 (repository source build),"{""Family"": ""debian"", ""Name"": ""12.15""}",gzip=1.12-1,HIGH,"{""julia"": {""V3Score"": 7.5, ""V3Vector"": ""CVSS:3.1/AV:N/AC:L/PR:N/UI:N/S:U/C:H/I:N/A:N"", ""V40Score"": 6.9, ""V40Vector"": ""CVSS:4.0/AV:L/AC:L/AT:N/PR:N/UI:N/VC:H/VI:N/VA:N/SC:N/SI:N/SA:N""}, ""nvd"": {""V3Score"": 7.5, ""V3Vector"": ""CVSS:3.1/AV:N/AC:L/PR:N/UI:N/S:U/C:H/I:N/A:N""}, ""redhat"": {""V3Score"": 3.6, ""V3Vector"": ""CVSS:3.1/AV:L/AC:H/PR:N/UI:R/S:U/C:L/I:N/A:L""}}",Not reported,False,Scanner detects runtime files; vulnerable function requires individual review,See SECURITY_SCAN_REVIEW.md; individual review incomplete,REVIEW_REQUIRED,REVIEW_REQUIRED,REVIEW_REQUIRED,See deployment scope/controls in SECURITY_SCAN_REVIEW.md; not a disposition,BLOCKING,baseline-minio-scan.json; baseline-minio-image.json; docs/SECURITY_SCAN_REVIEW.md,2026-10-14 (review required; not risk acceptance)
CVE-2026-42151,Trivy 0.75.0,vuln schema2 updated2026-10-07T00:53:05.111120428Z; Java schema1 updated2026-10-07T01:10:24.784068105Z,2026-10-07,minio,sha256:451f28618a53e97f8384075ebcbd0c416ec8f801d51f855bed2d0d23ae1a33f4,medsynth-minio-development@sha256:451f28618a53e97f8384075ebcbd0c416ec8f801d51f855bed2d0d23ae1a33f4,alpine:3.23 (repository source build),"{""Family"": ""debian"", ""Name"": ""12.15""}",github.com/prometheus/prometheus=v0.303.0,HIGH,"{""bitnami"": {""V3Score"": 7.5, ""V3Vector"": ""CVSS:3.1/AV:N/AC:L/PR:N/UI:N/S:U/C:H/I:N/A:N""}, ""ghsa"": {""V3Score"": 7.5, ""V3Vector"": ""CVSS:3.1/AV:N/AC:L/PR:N/UI:N/S:U/C:H/I:N/A:N""}, ""redhat"": {""V3Score"": 7.5, ""V3Vector"": ""CVSS:3.1/AV:N/AC:L/PR:N/UI:N/S:U/C:H/I:N/A:N""}}",0.311.3,True,Scanner detects runtime files; vulnerable function requires individual review,See SECURITY_SCAN_REVIEW.md; individual review incomplete,REVIEW_REQUIRED,REVIEW_REQUIRED,REVIEW_REQUIRED,See deployment scope/controls in SECURITY_SCAN_REVIEW.md; not a disposition,BLOCKING,baseline-minio-scan.json; baseline-minio-image.json; docs/SECURITY_SCAN_REVIEW.md,2026-10-14 (review required; not risk acceptance)
CVE-2026-42154,Trivy 0.75.0,vuln schema2 updated2026-10-07T00:53:05.111120428Z; Java schema1 updated2026-10-07T01:10:24.784068105Z,2026-10-07,minio,sha256:451f28618a53e97f8384075ebcbd0c416ec8f801d51f855bed2d0d23ae1a33f4,medsynth-minio-development@sha256:451f28618a53e97f8384075ebcbd0c416ec8f801d51f855bed2d0d23ae1a33f4,alpine:3.23 (repository source build),"{""Family"": ""debian"", ""Name"": ""12.15""}",github.com/prometheus/prometheus=v0.303.0,HIGH,"{""bitnami"": {""V3Score"": 7.5, ""V3Vector"": ""CVSS:3.1/AV:N/AC:L/PR:N/UI:N/S:U/C:N/I:N/A:H""}, ""ghsa"": {""V3Score"": 7.5, ""V3Vector"": ""CVSS:3.1/AV:N/AC:L/PR:N/UI:N/S:U/C:N/I:N/A:H""}, ""redhat"": {""V3Score"": 7.5, ""V3Vector"": ""CVSS:3.1/AV:N/AC:L/PR:N/UI:N/S:U/C:N/I:N/A:H""}}","0.311.3, 0.305.2",True,Scanner detects runtime files; vulnerable function requires individual review,See SECURITY_SCAN_REVIEW.md; individual review incomplete,REVIEW_REQUIRED,REVIEW_REQUIRED,REVIEW_REQUIRED,See deployment scope/controls in SECURITY_SCAN_REVIEW.md; not a disposition,BLOCKING,baseline-minio-scan.json; baseline-minio-image.json; docs/SECURITY_SCAN_REVIEW.md,2026-10-14 (review required; not risk acceptance)
CVE-2026-42496,Trivy 0.75.0,vuln schema2 updated2026-10-07T00:53:05.111120428Z; Java schema1 updated2026-10-07T01:10:24.784068105Z,2026-10-07,minio,sha256:451f28618a53e97f8384075ebcbd0c416ec8f801d51f855bed2d0d23ae1a33f4,medsynth-minio-development@sha256:451f28618a53e97f8384075ebcbd0c416ec8f801d51f855bed2d0d23ae1a33f4,alpine:3.23 (repository source build),"{""Family"": ""debian"", ""Name"": ""12.15""}",perl-base=5.36.0-7+deb12u3,CRITICAL,"{""nvd"": {""V3Score"": 9.1, ""V3Vector"": ""CVSS:3.1/AV:N/AC:L/PR:N/UI:N/S:U/C:H/I:H/A:N""}, ""redhat"": {""V3Score"": 8.2, ""V3Vector"": ""CVSS:3.1/AV:L/AC:L/PR:L/UI:R/S:C/C:H/I:H/A:H""}}",5.36.0-7+deb12u4,True,Scanner detects runtime files; vulnerable function requires individual review,See SECURITY_SCAN_REVIEW.md; individual review incomplete,REVIEW_REQUIRED,REVIEW_REQUIRED,REVIEW_REQUIRED,See deployment scope/controls in SECURITY_SCAN_REVIEW.md; not a disposition,BLOCKING,baseline-minio-scan.json; baseline-minio-image.json; docs/SECURITY_SCAN_REVIEW.md,2026-10-14 (review required; not risk acceptance)
CVE-2026-42497,Trivy 0.75.0,vuln schema2 updated2026-10-07T00:53:05.111120428Z; Java schema1 updated2026-10-07T01:10:24.784068105Z,2026-10-07,minio,sha256:451f28618a53e97f8384075ebcbd0c416ec8f801d51f855bed2d0d23ae1a33f4,medsynth-minio-development@sha256:451f28618a53e97f8384075ebcbd0c416ec8f801d51f855bed2d0d23ae1a33f4,alpine:3.23 (repository source build),"{""Family"": ""debian"", ""Name"": ""12.15""}",perl-base=5.36.0-7+deb12u3,HIGH,"{""nvd"": {""V3Score"": 7.5, ""V3Vector"": ""CVSS:3.1/AV:N/AC:L/PR:N/UI:N/S:U/C:N/I:H/A:N""}, ""redhat"": {""V3Score"": 6.8, ""V3Vector"": ""CVSS:3.1/AV:L/AC:L/PR:L/UI:R/S:U/C:L/I:H/A:H""}}",5.36.0-7+deb12u4,True,Scanner detects runtime files; vulnerable function requires individual review,See SECURITY_SCAN_REVIEW.md; individual review incomplete,REVIEW_REQUIRED,REVIEW_REQUIRED,REVIEW_REQUIRED,See deployment scope/controls in SECURITY_SCAN_REVIEW.md; not a disposition,BLOCKING,baseline-minio-scan.json; baseline-minio-image.json; docs/SECURITY_SCAN_REVIEW.md,2026-10-14 (review required; not risk acceptance)
CVE-2026-42508,Trivy 0.75.0,vuln schema2 updated2026-10-07T00:53:05.111120428Z; Java schema1 updated2026-10-07T01:10:24.784068105Z,2026-10-07,minio,sha256:451f28618a53e97f8384075ebcbd0c416ec8f801d51f855bed2d0d23ae1a33f4,medsynth-minio-development@sha256:451f28618a53e97f8384075ebcbd0c416ec8f801d51f855bed2d0d23ae1a33f4,alpine:3.23 (repository source build),"{""Family"": ""debian"", ""Name"": ""12.15""}",golang.org/x/crypto=v0.37.0,HIGH,"{""redhat"": {""V3Score"": 7.4, ""V3Vector"": ""CVSS:3.1/AV:N/AC:H/PR:N/UI:N/S:U/C:H/I:H/A:N""}}",0.52.0,True,Scanner detects runtime files; vulnerable function requires individual review,See SECURITY_SCAN_REVIEW.md; individual review incomplete,REVIEW_REQUIRED,REVIEW_REQUIRED,REVIEW_REQUIRED,See deployment scope/controls in SECURITY_SCAN_REVIEW.md; not a disposition,BLOCKING,baseline-minio-scan.json; baseline-minio-image.json; docs/SECURITY_SCAN_REVIEW.md,2026-10-14 (review required; not risk acceptance)
CVE-2026-43871,Trivy 0.75.0,vuln schema2 updated2026-10-07T00:53:05.111120428Z; Java schema1 updated2026-10-07T01:10:24.784068105Z,2026-10-07,minio,sha256:451f28618a53e97f8384075ebcbd0c416ec8f801d51f855bed2d0d23ae1a33f4,medsynth-minio-development@sha256:451f28618a53e97f8384075ebcbd0c416ec8f801d51f855bed2d0d23ae1a33f4,alpine:3.23 (repository source build),"{""Family"": ""debian"", ""Name"": ""12.15""}",github.com/apache/thrift=v0.21.0,HIGH,"{""bitnami"": {""V40Score"": 8.7, ""V40Vector"": ""CVSS:4.0/AV:N/AC:L/AT:N/PR:N/UI:N/VC:N/VI:N/VA:H/SC:N/SI:N/SA:N""}, ""ghsa"": {""V3Score"": 7.5, ""V3Vector"": ""CVSS:3.1/AV:N/AC:L/PR:N/UI:N/S:U/C:N/I:N/A:H"", ""V40Score"": 8.7, ""V40Vector"": ""CVSS:4.0/AV:N/AC:L/AT:N/PR:N/UI:N/VC:N/VI:N/VA:H/SC:N/SI:N/SA:N""}, ""nvd"": {""V3Score"": 7.5, ""V3Vector"": ""CVSS:3.1/AV:N/AC:L/PR:N/UI:N/S:U/C:N/I:N/A:H""}, ""redhat"": {""V3Score"": 7.5, ""V3Vector"": ""CVSS:3.1/AV:N/AC:L/PR:N/UI:N/S:U/C:N/I:N/A:H""}}",0.24.0,True,Scanner detects runtime files; vulnerable function requires individual review,See SECURITY_SCAN_REVIEW.md; individual review incomplete,REVIEW_REQUIRED,REVIEW_REQUIRED,REVIEW_REQUIRED,See deployment scope/controls in SECURITY_SCAN_REVIEW.md; not a disposition,BLOCKING,baseline-minio-scan.json; baseline-minio-image.json; docs/SECURITY_SCAN_REVIEW.md,2026-10-14 (review required; not risk acceptance)
CVE-2026-46595,Trivy 0.75.0,vuln schema2 updated2026-10-07T00:53:05.111120428Z; Java schema1 updated2026-10-07T01:10:24.784068105Z,2026-10-07,minio,sha256:451f28618a53e97f8384075ebcbd0c416ec8f801d51f855bed2d0d23ae1a33f4,medsynth-minio-development@sha256:451f28618a53e97f8384075ebcbd0c416ec8f801d51f855bed2d0d23ae1a33f4,alpine:3.23 (repository source build),"{""Family"": ""debian"", ""Name"": ""12.15""}",golang.org/x/crypto=v0.37.0,HIGH,"{""redhat"": {""V3Score"": 7.1, ""V3Vector"": ""CVSS:3.1/AV:N/AC:H/PR:L/UI:N/S:U/C:H/I:H/A:L""}}",0.52.0,True,Scanner detects runtime files; vulnerable function requires individual review,See SECURITY_SCAN_REVIEW.md; individual review incomplete,REVIEW_REQUIRED,REVIEW_REQUIRED,REVIEW_REQUIRED,See deployment scope/controls in SECURITY_SCAN_REVIEW.md; not a disposition,BLOCKING,baseline-minio-scan.json; baseline-minio-image.json; docs/SECURITY_SCAN_REVIEW.md,2026-10-14 (review required; not risk acceptance)
CVE-2026-46597,Trivy 0.75.0,vuln schema2 updated2026-10-07T00:53:05.111120428Z; Java schema1 updated2026-10-07T01:10:24.784068105Z,2026-10-07,minio,sha256:451f28618a53e97f8384075ebcbd0c416ec8f801d51f855bed2d0d23ae1a33f4,medsynth-minio-development@sha256:451f28618a53e97f8384075ebcbd0c416ec8f801d51f855bed2d0d23ae1a33f4,alpine:3.23 (repository source build),"{""Family"": ""debian"", ""Name"": ""12.15""}",golang.org/x/crypto=v0.37.0,HIGH,"{""redhat"": {""V3Score"": 7.5, ""V3Vector"": ""CVSS:3.1/AV:N/AC:L/PR:N/UI:N/S:U/C:N/I:N/A:H""}}",0.52.0,True,Scanner detects runtime files; vulnerable function requires individual review,See SECURITY_SCAN_REVIEW.md; individual review incomplete,REVIEW_REQUIRED,REVIEW_REQUIRED,REVIEW_REQUIRED,See deployment scope/controls in SECURITY_SCAN_REVIEW.md; not a disposition,BLOCKING,baseline-minio-scan.json; baseline-minio-image.json; docs/SECURITY_SCAN_REVIEW.md,2026-10-14 (review required; not risk acceptance)
CVE-2026-46600,Trivy 0.75.0,vuln schema2 updated2026-10-07T00:53:05.111120428Z; Java schema1 updated2026-10-07T01:10:24.784068105Z,2026-10-07,minio,sha256:451f28618a53e97f8384075ebcbd0c416ec8f801d51f855bed2d0d23ae1a33f4,medsynth-minio-development@sha256:451f28618a53e97f8384075ebcbd0c416ec8f801d51f855bed2d0d23ae1a33f4,alpine:3.23 (repository source build),"{""Family"": ""debian"", ""Name"": ""12.15""}",golang.org/x/net=v0.39.0,HIGH,"{""bitnami"": {""V3Score"": 7.5, ""V3Vector"": ""CVSS:3.1/AV:N/AC:L/PR:N/UI:N/S:U/C:N/I:N/A:H""}, ""redhat"": {""V3Score"": 7.5, ""V3Vector"": ""CVSS:3.1/AV:N/AC:L/PR:N/UI:N/S:U/C:N/I:N/A:H""}}",0.56.0,True,Scanner detects runtime files; vulnerable function requires individual review,See SECURITY_SCAN_REVIEW.md; individual review incomplete,REVIEW_REQUIRED,REVIEW_REQUIRED,REVIEW_REQUIRED,See deployment scope/controls in SECURITY_SCAN_REVIEW.md; not a disposition,BLOCKING,baseline-minio-scan.json; baseline-minio-image.json; docs/SECURITY_SCAN_REVIEW.md,2026-10-14 (review required; not risk acceptance)
CVE-2026-48962,Trivy 0.75.0,vuln schema2 updated2026-10-07T00:53:05.111120428Z; Java schema1 updated2026-10-07T01:10:24.784068105Z,2026-10-07,minio,sha256:451f28618a53e97f8384075ebcbd0c416ec8f801d51f855bed2d0d23ae1a33f4,medsynth-minio-development@sha256:451f28618a53e97f8384075ebcbd0c416ec8f801d51f855bed2d0d23ae1a33f4,alpine:3.23 (repository source build),"{""Family"": ""debian"", ""Name"": ""12.15""}",perl-base=5.36.0-7+deb12u3,HIGH,"{""redhat"": {""V3Score"": 7.8, ""V3Vector"": ""CVSS:3.1/AV:L/AC:L/PR:L/UI:N/S:U/C:H/I:H/A:H""}}",5.36.0-7+deb12u4,True,Scanner detects runtime files; vulnerable function requires individual review,See SECURITY_SCAN_REVIEW.md; individual review incomplete,REVIEW_REQUIRED,REVIEW_REQUIRED,REVIEW_REQUIRED,See deployment scope/controls in SECURITY_SCAN_REVIEW.md; not a disposition,BLOCKING,baseline-minio-scan.json; baseline-minio-image.json; docs/SECURITY_SCAN_REVIEW.md,2026-10-14 (review required; not risk acceptance)
CVE-2026-53613,Trivy 0.75.0,vuln schema2 updated2026-10-07T00:53:05.111120428Z; Java schema1 updated2026-10-07T01:10:24.784068105Z,2026-10-07,minio,sha256:451f28618a53e97f8384075ebcbd0c416ec8f801d51f855bed2d0d23ae1a33f4,medsynth-minio-development@sha256:451f28618a53e97f8384075ebcbd0c416ec8f801d51f855bed2d0d23ae1a33f4,alpine:3.23 (repository source build),"{""Family"": ""debian"", ""Name"": ""12.15""}",bsdutils=1:2.38.1-5+deb12u3; libblkid1=2.38.1-5+deb12u3; libmount1=2.38.1-5+deb12u3; libsmartcols1=2.38.1-5+deb12u3; libuuid1=2.38.1-5+deb12u3; mount=2.38.1-5+deb12u3; util-linux-extra=2.38.1-5+deb12u3; util-linux=2.38.1-5+deb12u3,HIGH,"{""redhat"": {""V3Score"": 7, ""V3Vector"": ""CVSS:3.1/AV:L/AC:H/PR:L/UI:N/S:U/C:H/I:H/A:H""}}",Not reported,False,Scanner detects runtime files; vulnerable function requires individual review,See SECURITY_SCAN_REVIEW.md; individual review incomplete,REVIEW_REQUIRED,REVIEW_REQUIRED,REVIEW_REQUIRED,See deployment scope/controls in SECURITY_SCAN_REVIEW.md; not a disposition,BLOCKING,baseline-minio-scan.json; baseline-minio-image.json; docs/SECURITY_SCAN_REVIEW.md,2026-10-14 (review required; not risk acceptance)
CVE-2026-54369,Trivy 0.75.0,vuln schema2 updated2026-10-07T00:53:05.111120428Z; Java schema1 updated2026-10-07T01:10:24.784068105Z,2026-10-07,minio,sha256:451f28618a53e97f8384075ebcbd0c416ec8f801d51f855bed2d0d23ae1a33f4,medsynth-minio-development@sha256:451f28618a53e97f8384075ebcbd0c416ec8f801d51f855bed2d0d23ae1a33f4,alpine:3.23 (repository source build),"{""Family"": ""debian"", ""Name"": ""12.15""}",libacl1=2.3.1-3,HIGH,"{""redhat"": {""V3Score"": 7.1, ""V3Vector"": ""CVSS:3.1/AV:L/AC:L/PR:L/UI:N/S:U/C:H/I:H/A:N""}}",Not reported,False,Scanner detects runtime files; vulnerable function requires individual review,See SECURITY_SCAN_REVIEW.md; individual review incomplete,REVIEW_REQUIRED,REVIEW_REQUIRED,REVIEW_REQUIRED,See deployment scope/controls in SECURITY_SCAN_REVIEW.md; not a disposition,BLOCKING,baseline-minio-scan.json; baseline-minio-image.json; docs/SECURITY_SCAN_REVIEW.md,2026-10-14 (review required; not risk acceptance)
CVE-2026-56852,Trivy 0.75.0,vuln schema2 updated2026-10-07T00:53:05.111120428Z; Java schema1 updated2026-10-07T01:10:24.784068105Z,2026-10-07,minio,sha256:451f28618a53e97f8384075ebcbd0c416ec8f801d51f855bed2d0d23ae1a33f4,medsynth-minio-development@sha256:451f28618a53e97f8384075ebcbd0c416ec8f801d51f855bed2d0d23ae1a33f4,alpine:3.23 (repository source build),"{""Family"": ""debian"", ""Name"": ""12.15""}",golang.org/x/text=v0.24.0,HIGH,"{""redhat"": {""V3Score"": 7.5, ""V3Vector"": ""CVSS:3.1/AV:N/AC:L/PR:N/UI:N/S:U/C:N/I:N/A:H""}}",0.39.0,True,Scanner detects runtime files; vulnerable function requires individual review,See SECURITY_SCAN_REVIEW.md; individual review incomplete,REVIEW_REQUIRED,REVIEW_REQUIRED,REVIEW_REQUIRED,See deployment scope/controls in SECURITY_SCAN_REVIEW.md; not a disposition,BLOCKING,baseline-minio-scan.json; baseline-minio-image.json; docs/SECURITY_SCAN_REVIEW.md,2026-10-14 (review required; not risk acceptance)
CVE-2026-56854,Trivy 0.75.0,vuln schema2 updated2026-10-07T00:53:05.111120428Z; Java schema1 updated2026-10-07T01:10:24.784068105Z,2026-10-07,minio,sha256:451f28618a53e97f8384075ebcbd0c416ec8f801d51f855bed2d0d23ae1a33f4,medsynth-minio-development@sha256:451f28618a53e97f8384075ebcbd0c416ec8f801d51f855bed2d0d23ae1a33f4,alpine:3.23 (repository source build),"{""Family"": ""debian"", ""Name"": ""12.15""}",golang.org/x/crypto=v0.37.0,HIGH,"{""redhat"": {""V3Score"": 6.8, ""V3Vector"": ""CVSS:3.1/AV:N/AC:H/PR:L/UI:N/S:U/C:H/I:H/A:N""}}",0.55.0,True,Scanner detects runtime files; vulnerable function requires individual review,See SECURITY_SCAN_REVIEW.md; individual review incomplete,REVIEW_REQUIRED,REVIEW_REQUIRED,REVIEW_REQUIRED,See deployment scope/controls in SECURITY_SCAN_REVIEW.md; not a disposition,BLOCKING,baseline-minio-scan.json; baseline-minio-image.json; docs/SECURITY_SCAN_REVIEW.md,2026-10-14 (review required; not risk acceptance)
CVE-2026-57432,Trivy 0.75.0,vuln schema2 updated2026-10-07T00:53:05.111120428Z; Java schema1 updated2026-10-07T01:10:24.784068105Z,2026-10-07,minio,sha256:451f28618a53e97f8384075ebcbd0c416ec8f801d51f855bed2d0d23ae1a33f4,medsynth-minio-development@sha256:451f28618a53e97f8384075ebcbd0c416ec8f801d51f855bed2d0d23ae1a33f4,alpine:3.23 (repository source build),"{""Family"": ""debian"", ""Name"": ""12.15""}",perl-base=5.36.0-7+deb12u3,HIGH,"{""nvd"": {""V3Score"": 8.4, ""V3Vector"": ""CVSS:3.1/AV:L/AC:L/PR:N/UI:N/S:U/C:H/I:H/A:H""}, ""redhat"": {""V3Score"": 5, ""V3Vector"": ""CVSS:3.1/AV:L/AC:L/PR:L/UI:R/S:U/C:H/I:N/A:N""}}",5.36.0-7+deb12u4,True,Scanner detects runtime files; vulnerable function requires individual review,See SECURITY_SCAN_REVIEW.md; individual review incomplete,REVIEW_REQUIRED,REVIEW_REQUIRED,REVIEW_REQUIRED,See deployment scope/controls in SECURITY_SCAN_REVIEW.md; not a disposition,BLOCKING,baseline-minio-scan.json; baseline-minio-image.json; docs/SECURITY_SCAN_REVIEW.md,2026-10-14 (review required; not risk acceptance)
CVE-2026-57433,Trivy 0.75.0,vuln schema2 updated2026-10-07T00:53:05.111120428Z; Java schema1 updated2026-10-07T01:10:24.784068105Z,2026-10-07,minio,sha256:451f28618a53e97f8384075ebcbd0c416ec8f801d51f855bed2d0d23ae1a33f4,medsynth-minio-development@sha256:451f28618a53e97f8384075ebcbd0c416ec8f801d51f855bed2d0d23ae1a33f4,alpine:3.23 (repository source build),"{""Family"": ""debian"", ""Name"": ""12.15""}",perl-base=5.36.0-7+deb12u3,HIGH,"{""redhat"": {""V3Score"": 7.5, ""V3Vector"": ""CVSS:3.1/AV:N/AC:L/PR:N/UI:N/S:U/C:N/I:N/A:H""}}",5.36.0-7+deb12u4,True,Scanner detects runtime files; vulnerable function requires individual review,See SECURITY_SCAN_REVIEW.md; individual review incomplete,REVIEW_REQUIRED,REVIEW_REQUIRED,REVIEW_REQUIRED,See deployment scope/controls in SECURITY_SCAN_REVIEW.md; not a disposition,BLOCKING,baseline-minio-scan.json; baseline-minio-image.json; docs/SECURITY_SCAN_REVIEW.md,2026-10-14 (review required; not risk acceptance)
CVE-2026-6276,Trivy 0.75.0,vuln schema2 updated2026-10-07T00:53:05.111120428Z; Java schema1 updated2026-10-07T01:10:24.784068105Z,2026-10-07,minio,sha256:451f28618a53e97f8384075ebcbd0c416ec8f801d51f855bed2d0d23ae1a33f4,medsynth-minio-development@sha256:451f28618a53e97f8384075ebcbd0c416ec8f801d51f855bed2d0d23ae1a33f4,alpine:3.23 (repository source build),"{""Family"": ""debian"", ""Name"": ""12.15""}",curl=7.88.1-10+deb12u15; libcurl4=7.88.1-10+deb12u15,HIGH,"{""julia"": {""V3Score"": 7.5, ""V3Vector"": ""CVSS:3.1/AV:N/AC:L/PR:N/UI:N/S:U/C:N/I:N/A:H""}, ""nvd"": {""V3Score"": 7.5, ""V3Vector"": ""CVSS:3.1/AV:N/AC:L/PR:N/UI:N/S:U/C:N/I:N/A:H""}, ""redhat"": {""V3Score"": 3.7, ""V3Vector"": ""CVSS:3.1/AV:N/AC:H/PR:N/UI:N/S:U/C:L/I:N/A:N""}}",Not reported,False,Scanner detects runtime files; vulnerable function requires individual review,See SECURITY_SCAN_REVIEW.md; individual review incomplete,REVIEW_REQUIRED,REVIEW_REQUIRED,REVIEW_REQUIRED,See deployment scope/controls in SECURITY_SCAN_REVIEW.md; not a disposition,BLOCKING,baseline-minio-scan.json; baseline-minio-image.json; docs/SECURITY_SCAN_REVIEW.md,2026-10-14 (review required; not risk acceptance)
CVE-2026-76642,Trivy 0.75.0,vuln schema2 updated2026-10-07T00:53:05.111120428Z; Java schema1 updated2026-10-07T01:10:24.784068105Z,2026-10-07,minio,sha256:451f28618a53e97f8384075ebcbd0c416ec8f801d51f855bed2d0d23ae1a33f4,medsynth-minio-development@sha256:451f28618a53e97f8384075ebcbd0c416ec8f801d51f855bed2d0d23ae1a33f4,alpine:3.23 (repository source build),"{""Family"": ""debian"", ""Name"": ""12.15""}",bsdutils=1:2.38.1-5+deb12u3; libblkid1=2.38.1-5+deb12u3; libmount1=2.38.1-5+deb12u3; libsmartcols1=2.38.1-5+deb12u3; libuuid1=2.38.1-5+deb12u3; mount=2.38.1-5+deb12u3; util-linux-extra=2.38.1-5+deb12u3; util-linux=2.38.1-5+deb12u3,HIGH,"{""redhat"": {""V3Score"": 7.8, ""V3Vector"": ""CVSS:3.1/AV:L/AC:L/PR:L/UI:N/S:U/C:H/I:H/A:H""}}",Not reported,False,Scanner detects runtime files; vulnerable function requires individual review,See SECURITY_SCAN_REVIEW.md; individual review incomplete,REVIEW_REQUIRED,REVIEW_REQUIRED,REVIEW_REQUIRED,See deployment scope/controls in SECURITY_SCAN_REVIEW.md; not a disposition,BLOCKING,baseline-minio-scan.json; baseline-minio-image.json; docs/SECURITY_SCAN_REVIEW.md,2026-10-14 (review required; not risk acceptance)
CVE-2026-77403,Trivy 0.75.0,vuln schema2 updated2026-10-07T00:53:05.111120428Z; Java schema1 updated2026-10-07T01:10:24.784068105Z,2026-10-07,minio,sha256:451f28618a53e97f8384075ebcbd0c416ec8f801d51f855bed2d0d23ae1a33f4,medsynth-minio-development@sha256:451f28618a53e97f8384075ebcbd0c416ec8f801d51f855bed2d0d23ae1a33f4,alpine:3.23 (repository source build),"{""Family"": ""debian"", ""Name"": ""12.15""}",github.com/rabbitmq/amqp091-go=v1.10.0,HIGH,"{""ghsa"": {""V40Score"": 8.9, ""V40Vector"": ""CVSS:4.0/AV:N/AC:L/AT:P/PR:N/UI:N/VC:N/VI:N/VA:H/SC:N/SI:N/SA:H""}, ""redhat"": {""V3Score"": 7.5, ""V3Vector"": ""CVSS:3.1/AV:N/AC:L/PR:N/UI:N/S:U/C:N/I:N/A:H""}}",1.13.0,True,Scanner detects runtime files; vulnerable function requires individual review,See SECURITY_SCAN_REVIEW.md; individual review incomplete,REVIEW_REQUIRED,REVIEW_REQUIRED,REVIEW_REQUIRED,See deployment scope/controls in SECURITY_SCAN_REVIEW.md; not a disposition,BLOCKING,baseline-minio-scan.json; baseline-minio-image.json; docs/SECURITY_SCAN_REVIEW.md,2026-10-14 (review required; not risk acceptance)
CVE-2026-77404,Trivy 0.75.0,vuln schema2 updated2026-10-07T00:53:05.111120428Z; Java schema1 updated2026-10-07T01:10:24.784068105Z,2026-10-07,minio,sha256:451f28618a53e97f8384075ebcbd0c416ec8f801d51f855bed2d0d23ae1a33f4,medsynth-minio-development@sha256:451f28618a53e97f8384075ebcbd0c416ec8f801d51f855bed2d0d23ae1a33f4,alpine:3.23 (repository source build),"{""Family"": ""debian"", ""Name"": ""12.15""}",github.com/rabbitmq/amqp091-go=v1.10.0,HIGH,"{""ghsa"": {""V40Score"": 8.7, ""V40Vector"": ""CVSS:4.0/AV:L/AC:L/AT:P/PR:L/UI:N/VC:H/VI:H/VA:H/SC:H/SI:H/SA:L""}, ""redhat"": {""V3Score"": 8.8, ""V3Vector"": ""CVSS:3.1/AV:L/AC:L/PR:L/UI:N/S:C/C:H/I:H/A:H""}}",1.13.0,True,Scanner detects runtime files; vulnerable function requires individual review,See SECURITY_SCAN_REVIEW.md; individual review incomplete,REVIEW_REQUIRED,REVIEW_REQUIRED,REVIEW_REQUIRED,See deployment scope/controls in SECURITY_SCAN_REVIEW.md; not a disposition,BLOCKING,baseline-minio-scan.json; baseline-minio-image.json; docs/SECURITY_SCAN_REVIEW.md,2026-10-14 (review required; not risk acceptance)
CVE-2026-77405,Trivy 0.75.0,vuln schema2 updated2026-10-07T00:53:05.111120428Z; Java schema1 updated2026-10-07T01:10:24.784068105Z,2026-10-07,minio,sha256:451f28618a53e97f8384075ebcbd0c416ec8f801d51f855bed2d0d23ae1a33f4,medsynth-minio-development@sha256:451f28618a53e97f8384075ebcbd0c416ec8f801d51f855bed2d0d23ae1a33f4,alpine:3.23 (repository source build),"{""Family"": ""debian"", ""Name"": ""12.15""}",github.com/rabbitmq/amqp091-go=v1.10.0,CRITICAL,"{""ghsa"": {""V40Score"": 9.4, ""V40Vector"": ""CVSS:4.0/AV:N/AC:H/AT:P/PR:N/UI:N/VC:H/VI:H/VA:N/SC:H/SI:L/SA:N""}}",1.13.0,True,Scanner detects runtime files; vulnerable function requires individual review,See SECURITY_SCAN_REVIEW.md; individual review incomplete,REVIEW_REQUIRED,REVIEW_REQUIRED,REVIEW_REQUIRED,See deployment scope/controls in SECURITY_SCAN_REVIEW.md; not a disposition,BLOCKING,baseline-minio-scan.json; baseline-minio-image.json; docs/SECURITY_SCAN_REVIEW.md,2026-10-14 (review required; not risk acceptance)
CVE-2026-77406,Trivy 0.75.0,vuln schema2 updated2026-10-07T00:53:05.111120428Z; Java schema1 updated2026-10-07T01:10:24.784068105Z,2026-10-07,minio,sha256:451f28618a53e97f8384075ebcbd0c416ec8f801d51f855bed2d0d23ae1a33f4,medsynth-minio-development@sha256:451f28618a53e97f8384075ebcbd0c416ec8f801d51f855bed2d0d23ae1a33f4,alpine:3.23 (repository source build),"{""Family"": ""debian"", ""Name"": ""12.15""}",github.com/rabbitmq/amqp091-go=v1.10.0,HIGH,"{""ghsa"": {""V40Score"": 8.2, ""V40Vector"": ""CVSS:4.0/AV:N/AC:L/AT:P/PR:N/UI:N/VC:N/VI:N/VA:H/SC:N/SI:N/SA:L""}, ""redhat"": {""V3Score"": 7.5, ""V3Vector"": ""CVSS:3.1/AV:N/AC:L/PR:N/UI:N/S:U/C:N/I:N/A:H""}}",1.13.0,True,Scanner detects runtime files; vulnerable function requires individual review,See SECURITY_SCAN_REVIEW.md; individual review incomplete,REVIEW_REQUIRED,REVIEW_REQUIRED,REVIEW_REQUIRED,See deployment scope/controls in SECURITY_SCAN_REVIEW.md; not a disposition,BLOCKING,baseline-minio-scan.json; baseline-minio-image.json; docs/SECURITY_SCAN_REVIEW.md,2026-10-14 (review required; not risk acceptance)
CVE-2026-77407,Trivy 0.75.0,vuln schema2 updated2026-10-07T00:53:05.111120428Z; Java schema1 updated2026-10-07T01:10:24.784068105Z,2026-10-07,minio,sha256:451f28618a53e97f8384075ebcbd0c416ec8f801d51f855bed2d0d23ae1a33f4,medsynth-minio-development@sha256:451f28618a53e97f8384075ebcbd0c416ec8f801d51f855bed2d0d23ae1a33f4,alpine:3.23 (repository source build),"{""Family"": ""debian"", ""Name"": ""12.15""}",github.com/rabbitmq/amqp091-go=v1.10.0,HIGH,"{""ghsa"": {""V40Score"": 7, ""V40Vector"": ""CVSS:4.0/AV:L/AC:L/AT:P/PR:L/UI:N/VC:H/VI:N/VA:N/SC:H/SI:L/SA:L""}, ""redhat"": {""V3Score"": 5.5, ""V3Vector"": ""CVSS:3.1/AV:L/AC:L/PR:L/UI:N/S:U/C:H/I:N/A:N""}}",1.13.0,True,Scanner detects runtime files; vulnerable function requires individual review,See SECURITY_SCAN_REVIEW.md; individual review incomplete,REVIEW_REQUIRED,REVIEW_REQUIRED,REVIEW_REQUIRED,See deployment scope/controls in SECURITY_SCAN_REVIEW.md; not a disposition,BLOCKING,baseline-minio-scan.json; baseline-minio-image.json; docs/SECURITY_SCAN_REVIEW.md,2026-10-14 (review required; not risk acceptance)
CVE-2026-77408,Trivy 0.75.0,vuln schema2 updated2026-10-07T00:53:05.111120428Z; Java schema1 updated2026-10-07T01:10:24.784068105Z,2026-10-07,minio,sha256:451f28618a53e97f8384075ebcbd0c416ec8f801d51f855bed2d0d23ae1a33f4,medsynth-minio-development@sha256:451f28618a53e97f8384075ebcbd0c416ec8f801d51f855bed2d0d23ae1a33f4,alpine:3.23 (repository source build),"{""Family"": ""debian"", ""Name"": ""12.15""}",github.com/rabbitmq/amqp091-go=v1.10.0,CRITICAL,"{""ghsa"": {""V40Score"": 9.1, ""V40Vector"": ""CVSS:4.0/AV:N/AC:L/AT:P/PR:N/UI:N/VC:L/VI:H/VA:H/SC:L/SI:H/SA:L""}}",1.13.0,True,Scanner detects runtime files; vulnerable function requires individual review,See SECURITY_SCAN_REVIEW.md; individual review incomplete,REVIEW_REQUIRED,REVIEW_REQUIRED,REVIEW_REQUIRED,See deployment scope/controls in SECURITY_SCAN_REVIEW.md; not a disposition,BLOCKING,baseline-minio-scan.json; baseline-minio-image.json; docs/SECURITY_SCAN_REVIEW.md,2026-10-14 (review required; not risk acceptance)
CVE-2026-77410,Trivy 0.75.0,vuln schema2 updated2026-10-07T00:53:05.111120428Z; Java schema1 updated2026-10-07T01:10:24.784068105Z,2026-10-07,minio,sha256:451f28618a53e97f8384075ebcbd0c416ec8f801d51f855bed2d0d23ae1a33f4,medsynth-minio-development@sha256:451f28618a53e97f8384075ebcbd0c416ec8f801d51f855bed2d0d23ae1a33f4,alpine:3.23 (repository source build),"{""Family"": ""debian"", ""Name"": ""12.15""}",github.com/rabbitmq/amqp091-go=v1.10.0,HIGH,"{""ghsa"": {""V40Score"": 8.9, ""V40Vector"": ""CVSS:4.0/AV:N/AC:L/AT:P/PR:N/UI:N/VC:N/VI:N/VA:H/SC:N/SI:N/SA:H""}, ""redhat"": {""V3Score"": 7.5, ""V3Vector"": ""CVSS:3.1/AV:N/AC:L/PR:N/UI:N/S:U/C:N/I:N/A:H""}}",1.13.0,True,Scanner detects runtime files; vulnerable function requires individual review,See SECURITY_SCAN_REVIEW.md; individual review incomplete,REVIEW_REQUIRED,REVIEW_REQUIRED,REVIEW_REQUIRED,See deployment scope/controls in SECURITY_SCAN_REVIEW.md; not a disposition,BLOCKING,baseline-minio-scan.json; baseline-minio-image.json; docs/SECURITY_SCAN_REVIEW.md,2026-10-14 (review required; not risk acceptance)
CVE-2026-77411,Trivy 0.75.0,vuln schema2 updated2026-10-07T00:53:05.111120428Z; Java schema1 updated2026-10-07T01:10:24.784068105Z,2026-10-07,minio,sha256:451f28618a53e97f8384075ebcbd0c416ec8f801d51f855bed2d0d23ae1a33f4,medsynth-minio-development@sha256:451f28618a53e97f8384075ebcbd0c416ec8f801d51f855bed2d0d23ae1a33f4,alpine:3.23 (repository source build),"{""Family"": ""debian"", ""Name"": ""12.15""}",github.com/rabbitmq/amqp091-go=v1.10.0,CRITICAL,"{""ghsa"": {""V40Score"": 9.5, ""V40Vector"": ""CVSS:4.0/AV:N/AC:L/AT:P/PR:N/UI:N/VC:H/VI:H/VA:H/SC:H/SI:H/SA:H""}}",1.13.0,True,Scanner detects runtime files; vulnerable function requires individual review,See SECURITY_SCAN_REVIEW.md; individual review incomplete,REVIEW_REQUIRED,REVIEW_REQUIRED,REVIEW_REQUIRED,See deployment scope/controls in SECURITY_SCAN_REVIEW.md; not a disposition,BLOCKING,baseline-minio-scan.json; baseline-minio-image.json; docs/SECURITY_SCAN_REVIEW.md,2026-10-14 (review required; not risk acceptance)
CVE-2026-77412,Trivy 0.75.0,vuln schema2 updated2026-10-07T00:53:05.111120428Z; Java schema1 updated2026-10-07T01:10:24.784068105Z,2026-10-07,minio,sha256:451f28618a53e97f8384075ebcbd0c416ec8f801d51f855bed2d0d23ae1a33f4,medsynth-minio-development@sha256:451f28618a53e97f8384075ebcbd0c416ec8f801d51f855bed2d0d23ae1a33f4,alpine:3.23 (repository source build),"{""Family"": ""debian"", ""Name"": ""12.15""}",github.com/rabbitmq/amqp091-go=v1.10.0,HIGH,"{""ghsa"": {""V40Score"": 8.9, ""V40Vector"": ""CVSS:4.0/AV:N/AC:L/AT:P/PR:N/UI:N/VC:N/VI:N/VA:H/SC:N/SI:N/SA:H""}, ""redhat"": {""V3Score"": 7.5, ""V3Vector"": ""CVSS:3.1/AV:N/AC:L/PR:N/UI:N/S:U/C:N/I:N/A:H""}}",1.13.0,True,Scanner detects runtime files; vulnerable function requires individual review,See SECURITY_SCAN_REVIEW.md; individual review incomplete,REVIEW_REQUIRED,REVIEW_REQUIRED,REVIEW_REQUIRED,See deployment scope/controls in SECURITY_SCAN_REVIEW.md; not a disposition,BLOCKING,baseline-minio-scan.json; baseline-minio-image.json; docs/SECURITY_SCAN_REVIEW.md,2026-10-14 (review required; not risk acceptance)
CVE-2026-78408,Trivy 0.75.0,vuln schema2 updated2026-10-07T00:53:05.111120428Z; Java schema1 updated2026-10-07T01:10:24.784068105Z,2026-10-07,minio,sha256:451f28618a53e97f8384075ebcbd0c416ec8f801d51f855bed2d0d23ae1a33f4,medsynth-minio-development@sha256:451f28618a53e97f8384075ebcbd0c416ec8f801d51f855bed2d0d23ae1a33f4,alpine:3.23 (repository source build),"{""Family"": ""debian"", ""Name"": ""12.15""}",bsdutils=1:2.38.1-5+deb12u3; libblkid1=2.38.1-5+deb12u3; libmount1=2.38.1-5+deb12u3; libsmartcols1=2.38.1-5+deb12u3; libuuid1=2.38.1-5+deb12u3; mount=2.38.1-5+deb12u3; util-linux-extra=2.38.1-5+deb12u3; util-linux=2.38.1-5+deb12u3,HIGH,"{""redhat"": {""V3Score"": 7.9, ""V3Vector"": ""CVSS:3.1/AV:L/AC:L/PR:L/UI:R/S:C/C:N/I:H/A:H""}}",Not reported,False,Scanner detects runtime files; vulnerable function requires individual review,See SECURITY_SCAN_REVIEW.md; individual review incomplete,REVIEW_REQUIRED,REVIEW_REQUIRED,REVIEW_REQUIRED,See deployment scope/controls in SECURITY_SCAN_REVIEW.md; not a disposition,BLOCKING,baseline-minio-scan.json; baseline-minio-image.json; docs/SECURITY_SCAN_REVIEW.md,2026-10-14 (review required; not risk acceptance)
CVE-2026-78409,Trivy 0.75.0,vuln schema2 updated2026-10-07T00:53:05.111120428Z; Java schema1 updated2026-10-07T01:10:24.784068105Z,2026-10-07,minio,sha256:451f28618a53e97f8384075ebcbd0c416ec8f801d51f855bed2d0d23ae1a33f4,medsynth-minio-development@sha256:451f28618a53e97f8384075ebcbd0c416ec8f801d51f855bed2d0d23ae1a33f4,alpine:3.23 (repository source build),"{""Family"": ""debian"", ""Name"": ""12.15""}",bsdutils=1:2.38.1-5+deb12u3; libblkid1=2.38.1-5+deb12u3; libmount1=2.38.1-5+deb12u3; libsmartcols1=2.38.1-5+deb12u3; libuuid1=2.38.1-5+deb12u3; mount=2.38.1-5+deb12u3; util-linux-extra=2.38.1-5+deb12u3; util-linux=2.38.1-5+deb12u3,HIGH,"{""redhat"": {""V3Score"": 7, ""V3Vector"": ""CVSS:3.1/AV:L/AC:H/PR:L/UI:N/S:U/C:H/I:H/A:H""}}",Not reported,False,Scanner detects runtime files; vulnerable function requires individual review,See SECURITY_SCAN_REVIEW.md; individual review incomplete,REVIEW_REQUIRED,REVIEW_REQUIRED,REVIEW_REQUIRED,See deployment scope/controls in SECURITY_SCAN_REVIEW.md; not a disposition,BLOCKING,baseline-minio-scan.json; baseline-minio-image.json; docs/SECURITY_SCAN_REVIEW.md,2026-10-14 (review required; not risk acceptance)
CVE-2026-78410,Trivy 0.75.0,vuln schema2 updated2026-10-07T00:53:05.111120428Z; Java schema1 updated2026-10-07T01:10:24.784068105Z,2026-10-07,minio,sha256:451f28618a53e97f8384075ebcbd0c416ec8f801d51f855bed2d0d23ae1a33f4,medsynth-minio-development@sha256:451f28618a53e97f8384075ebcbd0c416ec8f801d51f855bed2d0d23ae1a33f4,alpine:3.23 (repository source build),"{""Family"": ""debian"", ""Name"": ""12.15""}",bsdutils=1:2.38.1-5+deb12u3; libblkid1=2.38.1-5+deb12u3; libmount1=2.38.1-5+deb12u3; libsmartcols1=2.38.1-5+deb12u3; libuuid1=2.38.1-5+deb12u3; mount=2.38.1-5+deb12u3; util-linux-extra=2.38.1-5+deb12u3; util-linux=2.38.1-5+deb12u3,HIGH,"{""redhat"": {""V3Score"": 7.8, ""V3Vector"": ""CVSS:3.1/AV:L/AC:L/PR:L/UI:N/S:U/C:H/I:H/A:H""}}",Not reported,False,Scanner detects runtime files; vulnerable function requires individual review,See SECURITY_SCAN_REVIEW.md; individual review incomplete,REVIEW_REQUIRED,REVIEW_REQUIRED,REVIEW_REQUIRED,See deployment scope/controls in SECURITY_SCAN_REVIEW.md; not a disposition,BLOCKING,baseline-minio-scan.json; baseline-minio-image.json; docs/SECURITY_SCAN_REVIEW.md,2026-10-14 (review required; not risk acceptance)
CVE-2026-79921,Trivy 0.75.0,vuln schema2 updated2026-10-07T00:53:05.111120428Z; Java schema1 updated2026-10-07T01:10:24.784068105Z,2026-10-07,minio,sha256:451f28618a53e97f8384075ebcbd0c416ec8f801d51f855bed2d0d23ae1a33f4,medsynth-minio-development@sha256:451f28618a53e97f8384075ebcbd0c416ec8f801d51f855bed2d0d23ae1a33f4,alpine:3.23 (repository source build),"{""Family"": ""debian"", ""Name"": ""12.15""}",github.com/rabbitmq/amqp091-go=v1.10.0,HIGH,"{""ghsa"": {""V40Score"": 8.9, ""V40Vector"": ""CVSS:4.0/AV:N/AC:L/AT:P/PR:N/UI:N/VC:N/VI:N/VA:H/SC:N/SI:N/SA:H""}, ""redhat"": {""V3Score"": 7.5, ""V3Vector"": ""CVSS:3.1/AV:N/AC:L/PR:N/UI:N/S:U/C:N/I:N/A:H""}}",1.13.0,True,Scanner detects runtime files; vulnerable function requires individual review,See SECURITY_SCAN_REVIEW.md; individual review incomplete,REVIEW_REQUIRED,REVIEW_REQUIRED,REVIEW_REQUIRED,See deployment scope/controls in SECURITY_SCAN_REVIEW.md; not a disposition,BLOCKING,baseline-minio-scan.json; baseline-minio-image.json; docs/SECURITY_SCAN_REVIEW.md,2026-10-14 (review required; not risk acceptance)
CVE-2026-8286,Trivy 0.75.0,vuln schema2 updated2026-10-07T00:53:05.111120428Z; Java schema1 updated2026-10-07T01:10:24.784068105Z,2026-10-07,minio,sha256:451f28618a53e97f8384075ebcbd0c416ec8f801d51f855bed2d0d23ae1a33f4,medsynth-minio-development@sha256:451f28618a53e97f8384075ebcbd0c416ec8f801d51f855bed2d0d23ae1a33f4,alpine:3.23 (repository source build),"{""Family"": ""debian"", ""Name"": ""12.15""}",curl=7.88.1-10+deb12u15; libcurl4=7.88.1-10+deb12u15,HIGH,"{""julia"": {""V3Score"": 8.1, ""V3Vector"": ""CVSS:3.1/AV:N/AC:L/PR:L/UI:N/S:U/C:H/I:H/A:N""}, ""redhat"": {""V3Score"": 8.1, ""V3Vector"": ""CVSS:3.1/AV:N/AC:L/PR:N/UI:R/S:U/C:H/I:H/A:N""}}",Not reported,False,Scanner detects runtime files; vulnerable function requires individual review,See SECURITY_SCAN_REVIEW.md; individual review incomplete,REVIEW_REQUIRED,REVIEW_REQUIRED,REVIEW_REQUIRED,See deployment scope/controls in SECURITY_SCAN_REVIEW.md; not a disposition,BLOCKING,baseline-minio-scan.json; baseline-minio-image.json; docs/SECURITY_SCAN_REVIEW.md,2026-10-14 (review required; not risk acceptance)
CVE-2026-8376,Trivy 0.75.0,vuln schema2 updated2026-10-07T00:53:05.111120428Z; Java schema1 updated2026-10-07T01:10:24.784068105Z,2026-10-07,minio,sha256:451f28618a53e97f8384075ebcbd0c416ec8f801d51f855bed2d0d23ae1a33f4,medsynth-minio-development@sha256:451f28618a53e97f8384075ebcbd0c416ec8f801d51f855bed2d0d23ae1a33f4,alpine:3.23 (repository source build),"{""Family"": ""debian"", ""Name"": ""12.15""}",perl-base=5.36.0-7+deb12u3,CRITICAL,"{""nvd"": {""V3Score"": 9.8, ""V3Vector"": ""CVSS:3.1/AV:N/AC:L/PR:N/UI:N/S:U/C:H/I:H/A:H""}, ""redhat"": {""V3Score"": 5.7, ""V3Vector"": ""CVSS:3.1/AV:L/AC:H/PR:N/UI:N/S:U/C:N/I:L/A:H""}}",5.36.0-7+deb12u4,True,Scanner detects runtime files; vulnerable function requires individual review,See SECURITY_SCAN_REVIEW.md; individual review incomplete,REVIEW_REQUIRED,REVIEW_REQUIRED,REVIEW_REQUIRED,See deployment scope/controls in SECURITY_SCAN_REVIEW.md; not a disposition,BLOCKING,baseline-minio-scan.json; baseline-minio-image.json; docs/SECURITY_SCAN_REVIEW.md,2026-10-14 (review required; not risk acceptance)
CVE-2026-84304,Trivy 0.75.0,vuln schema2 updated2026-10-07T00:53:05.111120428Z; Java schema1 updated2026-10-07T01:10:24.784068105Z,2026-10-07,minio,sha256:451f28618a53e97f8384075ebcbd0c416ec8f801d51f855bed2d0d23ae1a33f4,medsynth-minio-development@sha256:451f28618a53e97f8384075ebcbd0c416ec8f801d51f855bed2d0d23ae1a33f4,alpine:3.23 (repository source build),"{""Family"": ""debian"", ""Name"": ""12.15""}",google.golang.org/grpc=v1.72.0,HIGH,"{""ghsa"": {""V40Score"": 8.7, ""V40Vector"": ""CVSS:4.0/AV:N/AC:L/AT:N/PR:N/UI:N/VC:N/VI:N/VA:H/SC:N/SI:N/SA:N""}, ""redhat"": {""V3Score"": 7.5, ""V3Vector"": ""CVSS:3.1/AV:N/AC:L/PR:N/UI:N/S:U/C:N/I:N/A:H""}}",1.83.1,True,Scanner detects runtime files; vulnerable function requires individual review,See SECURITY_SCAN_REVIEW.md; individual review incomplete,REVIEW_REQUIRED,REVIEW_REQUIRED,REVIEW_REQUIRED,See deployment scope/controls in SECURITY_SCAN_REVIEW.md; not a disposition,BLOCKING,baseline-minio-scan.json; baseline-minio-image.json; docs/SECURITY_SCAN_REVIEW.md,2026-10-14 (review required; not risk acceptance)
CVE-2026-84445,Trivy 0.75.0,vuln schema2 updated2026-10-07T00:53:05.111120428Z; Java schema1 updated2026-10-07T01:10:24.784068105Z,2026-10-07,minio,sha256:451f28618a53e97f8384075ebcbd0c416ec8f801d51f855bed2d0d23ae1a33f4,medsynth-minio-development@sha256:451f28618a53e97f8384075ebcbd0c416ec8f801d51f855bed2d0d23ae1a33f4,alpine:3.23 (repository source build),"{""Family"": ""debian"", ""Name"": ""12.15""}",google.golang.org/grpc=v1.72.0,HIGH,"{""ghsa"": {""V40Score"": 8.7, ""V40Vector"": ""CVSS:4.0/AV:N/AC:L/AT:N/PR:N/UI:N/VC:N/VI:N/VA:H/SC:N/SI:N/SA:N""}, ""redhat"": {""V3Score"": 7.5, ""V3Vector"": ""CVSS:3.1/AV:N/AC:L/PR:N/UI:N/S:U/C:N/I:N/A:H""}}","1.82.2, 1.83.2, 1.84.0-dev.0.20260825144003-d5a41119e0e3, 1.85.0-dev.0.20260825072537-93e31b48545e",True,Scanner detects runtime files; vulnerable function requires individual review,See SECURITY_SCAN_REVIEW.md; individual review incomplete,REVIEW_REQUIRED,REVIEW_REQUIRED,REVIEW_REQUIRED,See deployment scope/controls in SECURITY_SCAN_REVIEW.md; not a disposition,BLOCKING,baseline-minio-scan.json; baseline-minio-image.json; docs/SECURITY_SCAN_REVIEW.md,2026-10-14 (review required; not risk acceptance)
CVE-2026-8458,Trivy 0.75.0,vuln schema2 updated2026-10-07T00:53:05.111120428Z; Java schema1 updated2026-10-07T01:10:24.784068105Z,2026-10-07,minio,sha256:451f28618a53e97f8384075ebcbd0c416ec8f801d51f855bed2d0d23ae1a33f4,medsynth-minio-development@sha256:451f28618a53e97f8384075ebcbd0c416ec8f801d51f855bed2d0d23ae1a33f4,alpine:3.23 (repository source build),"{""Family"": ""debian"", ""Name"": ""12.15""}",curl=7.88.1-10+deb12u15; libcurl4=7.88.1-10+deb12u15,HIGH,"{""julia"": {""V3Score"": 6.5, ""V3Vector"": ""CVSS:3.1/AV:N/AC:L/PR:L/UI:N/S:U/C:N/I:H/A:N""}, ""redhat"": {""V3Score"": 8.1, ""V3Vector"": ""CVSS:3.1/AV:N/AC:L/PR:L/UI:N/S:U/C:H/I:H/A:N""}}",Not reported,False,Scanner detects runtime files; vulnerable function requires individual review,See SECURITY_SCAN_REVIEW.md; individual review incomplete,REVIEW_REQUIRED,REVIEW_REQUIRED,REVIEW_REQUIRED,See deployment scope/controls in SECURITY_SCAN_REVIEW.md; not a disposition,BLOCKING,baseline-minio-scan.json; baseline-minio-image.json; docs/SECURITY_SCAN_REVIEW.md,2026-10-14 (review required; not risk acceptance)
CVE-2026-84782,Trivy 0.75.0,vuln schema2 updated2026-10-07T00:53:05.111120428Z; Java schema1 updated2026-10-07T01:10:24.784068105Z,2026-10-07,minio,sha256:451f28618a53e97f8384075ebcbd0c416ec8f801d51f855bed2d0d23ae1a33f4,medsynth-minio-development@sha256:451f28618a53e97f8384075ebcbd0c416ec8f801d51f855bed2d0d23ae1a33f4,alpine:3.23 (repository source build),"{""Family"": ""debian"", ""Name"": ""12.15""}",libssl3=3.0.22-1~deb12u1; openssl=3.0.22-1~deb12u1,HIGH,"{""redhat"": {""V3Score"": 7.4, ""V3Vector"": ""CVSS:3.1/AV:N/AC:H/PR:N/UI:N/S:U/C:H/I:N/A:H""}}",Not reported,False,Scanner detects runtime files; vulnerable function requires individual review,See SECURITY_SCAN_REVIEW.md; individual review incomplete,REVIEW_REQUIRED,REVIEW_REQUIRED,REVIEW_REQUIRED,See deployment scope/controls in SECURITY_SCAN_REVIEW.md; not a disposition,BLOCKING,baseline-minio-scan.json; baseline-minio-image.json; docs/SECURITY_SCAN_REVIEW.md,2026-10-14 (review required; not risk acceptance)
CVE-2026-8927,Trivy 0.75.0,vuln schema2 updated2026-10-07T00:53:05.111120428Z; Java schema1 updated2026-10-07T01:10:24.784068105Z,2026-10-07,minio,sha256:451f28618a53e97f8384075ebcbd0c416ec8f801d51f855bed2d0d23ae1a33f4,medsynth-minio-development@sha256:451f28618a53e97f8384075ebcbd0c416ec8f801d51f855bed2d0d23ae1a33f4,alpine:3.23 (repository source build),"{""Family"": ""debian"", ""Name"": ""12.15""}",curl=7.88.1-10+deb12u15; libcurl4=7.88.1-10+deb12u15,HIGH,"{""julia"": {""V3Score"": 9.1, ""V3Vector"": ""CVSS:3.1/AV:N/AC:L/PR:N/UI:N/S:U/C:H/I:H/A:N""}, ""redhat"": {""V3Score"": 7.5, ""V3Vector"": ""CVSS:3.1/AV:N/AC:L/PR:N/UI:N/S:U/C:H/I:N/A:N""}}",Not reported,False,Scanner detects runtime files; vulnerable function requires individual review,See SECURITY_SCAN_REVIEW.md; individual review incomplete,REVIEW_REQUIRED,REVIEW_REQUIRED,REVIEW_REQUIRED,See deployment scope/controls in SECURITY_SCAN_REVIEW.md; not a disposition,BLOCKING,baseline-minio-scan.json; baseline-minio-image.json; docs/SECURITY_SCAN_REVIEW.md,2026-10-14 (review required; not risk acceptance)
CVE-2026-9538,Trivy 0.75.0,vuln schema2 updated2026-10-07T00:53:05.111120428Z; Java schema1 updated2026-10-07T01:10:24.784068105Z,2026-10-07,minio,sha256:451f28618a53e97f8384075ebcbd0c416ec8f801d51f855bed2d0d23ae1a33f4,medsynth-minio-development@sha256:451f28618a53e97f8384075ebcbd0c416ec8f801d51f855bed2d0d23ae1a33f4,alpine:3.23 (repository source build),"{""Family"": ""debian"", ""Name"": ""12.15""}",perl-base=5.36.0-7+deb12u3,HIGH,"{""nvd"": {""V3Score"": 7.5, ""V3Vector"": ""CVSS:3.1/AV:N/AC:L/PR:N/UI:N/S:U/C:N/I:N/A:H""}, ""redhat"": {""V3Score"": 7.5, ""V3Vector"": ""CVSS:3.1/AV:N/AC:L/PR:N/UI:N/S:U/C:N/I:N/A:H""}}",Not reported,False,Scanner detects runtime files; vulnerable function requires individual review,See SECURITY_SCAN_REVIEW.md; individual review incomplete,REVIEW_REQUIRED,REVIEW_REQUIRED,REVIEW_REQUIRED,See deployment scope/controls in SECURITY_SCAN_REVIEW.md; not a disposition,BLOCKING,baseline-minio-scan.json; baseline-minio-image.json; docs/SECURITY_SCAN_REVIEW.md,2026-10-14 (review required; not risk acceptance)
GHSA-hrxh-6v49-42gf,Trivy 0.75.0,vuln schema2 updated2026-10-07T00:53:05.111120428Z; Java schema1 updated2026-10-07T01:10:24.784068105Z,2026-10-07,minio,sha256:451f28618a53e97f8384075ebcbd0c416ec8f801d51f855bed2d0d23ae1a33f4,medsynth-minio-development@sha256:451f28618a53e97f8384075ebcbd0c416ec8f801d51f855bed2d0d23ae1a33f4,alpine:3.23 (repository source build),"{""Family"": ""debian"", ""Name"": ""12.15""}",google.golang.org/grpc=v1.72.0,HIGH,"{""ghsa"": {""V40Score"": 8.8, ""V40Vector"": ""CVSS:4.0/AV:N/AC:L/AT:N/PR:N/UI:N/VC:N/VI:H/VA:H/SC:N/SI:N/SA:N""}}",1.82.1,True,Scanner detects runtime files; vulnerable function requires individual review,See SECURITY_SCAN_REVIEW.md; individual review incomplete,REVIEW_REQUIRED,REVIEW_REQUIRED,REVIEW_REQUIRED,See deployment scope/controls in SECURITY_SCAN_REVIEW.md; not a disposition,BLOCKING,baseline-minio-scan.json; baseline-minio-image.json; docs/SECURITY_SCAN_REVIEW.md,2026-10-14 (review required; not risk acceptance)
